X0	Y0	X1	Y1	X2	Y2	X3	Y3
44.0880	2799.0000	0.6629	16616.0000	0	16616.0000	44	-4036.5281
43.3841	3022.0000	1.5259	15167.2227	25	16616.0000	44	16616.0000
42.6920	3000.0000	2.5061	13153.3750	25	-4036.5281	66	16616.0000
42.0123	2936.0000	3.5116	11170.0908			66	-4036.5281
41.3457	2922.0000	4.5001	9708.5361				
40.6927	2996.0000	5.4804	8510.0605				
40.0540	3198.0000	6.4907	7726.6978				
39.4303	3017.0000	7.5196	6991.2085				
38.8224	3159.0000	8.5141	6437.7310				
38.2310	3062.0000	9.4761	5953.6313				
37.6568	3334.0000	10.4713	5590.5225				
37.1007	3373.0000	11.4955	5221.1465				
36.5635	3194.0000	12.5043	4929.7793				
36.0461	3262.0000	13.4973	4720.9175				
35.5492	3228.0000	14.4861	4542.2808				
35.0739	3323.0000	15.4849	4361.5557				
34.6209	3290.0000	16.4970	4200.6191				
34.1911	3174.0000	17.5024	4033.0825				
33.7855	3219.0000	18.4973	3949.3276				
33.4050	3309.0000	19.4969	3846.8049				
33.0503	3549.0000	20.4913	3746.6692				
32.7223	3292.0000	21.4874	3684.8235				
32.4218	3350.0000	22.4824	3592.4348				
32.1497	3295.0000	23.4893	3543.1831				
31.9066	3084.0000	24.4968	3458.0000				
31.6932	3195.0000	25.4899	3414.6274				
31.5102	3186.0000	26.4812	3350.1780				
31.3579	3217.0000	27.4840	3288.5342				
31.2369	3251.0000	28.5037	3268.5271				
31.1476	3299.0000	29.5098	3191.2966				
31.0902	3194.0000	30.4669	3161.2500				
31.0650	3212.0000						
31.0719	3271.0000						
31.1109	3175.0000						
31.1820	3026.0000						
31.2849	3176.0000						
31.4193	3064.0000						
31.5848	3074.0000						
31.7810	2930.0000						
32.0072	3191.0000						
32.2628	2984.0000						
32.5471	2880.0000						
32.8595	2854.0000						
33.1990	3057.0000						
33.5649	3087.0000						
33.9563	2953.0000						
34.3723	2765.0000						
34.8122	2906.0000						
35.2748	2780.0000						
35.7595	2926.0000						
36.2653	2961.0000						
36.7913	2612.0000						
37.3367	2757.0000						
37.9006	2577.0000						
38.4823	2750.0000						
39.0809	2770.0000						
39.6956	2922.0000						
40.3258	2843.0000						
40.9707	2712.0000						
41.6296	2665.0000						
42.3020	2619.0000						
42.9870	2663.0000						
43.6842	2626.0000						
43.3892	2720.0000						
42.6738	2790.0000						
41.9700	3007.0000						
41.2784	3024.0000						
40.5997	2959.0000						
39.9345	3059.0000						
39.2835	2900.0000						
38.6474	2864.0000						
38.0270	3058.0000						
37.4230	3266.0000						
36.8362	3305.0000						
36.2676	3178.0000						
35.7178	3142.0000						
35.1880	3457.0000						
34.6788	3306.0000						
34.1914	3372.0000						
33.7265	3257.0000						
33.2852	3290.0000						
32.8685	3371.0000						
32.4771	3349.0000						
32.1122	3358.0000						
31.7745	3303.0000						
31.4650	3365.0000						
31.1846	3419.0000						
30.9339	3326.0000						
30.7137	3357.0000						
30.5248	3423.0000						
30.3676	3287.0000						
30.2427	3384.0000						
30.1504	3206.0000						
30.0911	3331.0000						
30.0650	3101.0000						
30.0721	3211.0000						
30.1125	3229.0000						
30.1859	2997.0000						
30.2922	3215.0000						
30.4310	3216.0000						
30.6019	3177.0000						
30.8043	3252.0000						
31.0376	3134.0000						
31.3011	3084.0000						
31.5941	3230.0000						
31.9158	2995.0000						
32.2652	2984.0000						
32.6416	2927.0000						
33.0439	2901.0000						
33.4713	2944.0000						
33.9228	2936.0000						
34.3975	2888.0000						
34.8944	2852.0000						
35.4125	2790.0000						
35.9510	2593.0000						
36.5089	2789.0000						
37.0854	2700.0000						
37.6797	2801.0000						
38.2908	2895.0000						
38.9180	2717.0000						
39.5606	2679.0000						
40.2178	2654.0000						
40.8889	2588.0000						
41.5732	2711.0000						
42.2700	2762.0000						
42.9789	2649.0000						
42.7024	2875.0000						
41.9753	2872.0000						
41.2596	2914.0000						
40.5559	2933.0000						
39.8649	3101.0000						
39.1872	2985.0000						
38.5236	2862.0000						
37.8747	3096.0000						
37.2414	3174.0000						
36.6245	3086.0000						
36.0247	3238.0000						
35.4430	3036.0000						
34.8803	3180.0000						
34.3375	3475.0000						
33.8156	3243.0000						
33.3155	3644.0000						
32.8383	3218.0000						
32.3849	3477.0000						
31.9563	3156.0000						
31.5537	3382.0000						
31.1780	3344.0000						
30.8301	3611.0000						
30.5110	3366.0000						
30.2217	3373.0000						
29.9629	3340.0000						
29.7356	3408.0000						
29.5404	3269.0000						
29.3779	3118.0000						
29.2488	3479.0000						
29.1534	3341.0000						
29.0921	3258.0000						
29.0651	3129.0000						
29.0724	3272.0000						
29.1142	3430.0000						
29.1901	3073.0000						
29.3000	3273.0000						
29.4435	3084.0000						
29.6201	3063.0000						
29.8291	3199.0000						
30.0700	3126.0000						
30.3419	3124.0000						
30.6441	2905.0000						
30.9756	2996.0000						
31.3356	3110.0000						
31.7230	3021.0000						
32.1368	3027.0000						
32.5761	2728.0000						
33.0398	2870.0000						
33.5270	2766.0000						
34.0366	2899.0000						
34.5676	2979.0000						
35.1190	2691.0000						
35.6900	2701.0000						
36.2795	2807.0000						
36.8867	2740.0000						
37.5108	2566.0000						
38.1508	2709.0000						
38.8061	2833.0000						
39.4759	2729.0000						
40.1593	2780.0000						
40.8559	2910.0000						
41.5648	2720.0000						
42.2854	2658.0000						
42.0282	2753.0000						
41.2892	2903.0000						
40.5614	2899.0000						
39.8454	2878.0000						
39.1418	3032.0000						
38.4514	3039.0000						
37.7749	2812.0000						
37.1129	3091.0000						
36.4664	3145.0000						
35.8361	3314.0000						
35.2229	3165.0000						
34.6278	3186.0000						
34.0516	3227.0000						
33.4953	3482.0000						
32.9601	3112.0000						
32.4468	3334.0000						
31.9566	3456.0000						
31.4905	3519.0000						
31.0496	3436.0000						
30.6351	3273.0000						
30.2479	3374.0000						
29.8892	3566.0000						
29.5600	3570.0000						
29.2613	3581.0000						
28.9940	3634.0000						
28.7590	3620.0000						
28.5571	3416.0000						
28.3890	3523.0000						
28.2553	3427.0000						
28.1566	3594.0000						
28.0931	3313.0000						
28.0651	3256.0000						
28.0727	3526.0000						
28.1160	3336.0000						
28.1946	3341.0000						
28.3084	3302.0000						
28.4568	3303.0000						
28.6395	3199.0000						
28.8557	3213.0000						
29.1046	3135.0000						
29.3855	3070.0000						
29.6974	3199.0000						
30.0393	3062.0000						
30.4104	3060.0000						
30.8094	2947.0000						
31.2354	3122.0000						
31.6872	3004.0000						
32.1637	2867.0000						
32.6639	2950.0000						
33.1868	2938.0000						
33.7311	2795.0000						
34.2960	2685.0000						
34.8805	2626.0000						
35.4834	2785.0000						
36.1041	2800.0000						
36.7414	2833.0000						
37.3947	2716.0000						
38.0630	2907.0000						
38.7455	2734.0000						
39.4417	2737.0000						
40.1506	2743.0000						
40.8718	2619.0000						
41.6045	2620.0000						
41.3672	2731.0000						
40.6161	2966.0000						
39.8760	2921.0000						
39.1475	3088.0000						
38.4312	3063.0000						
37.7278	3068.0000						
37.0380	3117.0000						
36.3626	3050.0000						
35.7025	3021.0000						
35.0585	3309.0000						
34.4315	3255.0000						
33.8224	3276.0000						
33.2323	3467.0000						
32.6621	3299.0000						
32.1129	3346.0000						
31.5859	3548.0000						
31.0821	3566.0000						
30.6027	3448.0000						
30.1489	3443.0000						
29.7217	3372.0000						
29.3225	3620.0000						
28.9523	3688.0000						
28.6124	3781.0000						
28.3036	3642.0000						
28.0272	3478.0000						
27.7840	3514.0000						
27.5750	3587.0000						
27.4009	3459.0000						
27.2624	3393.0000						
27.1600	3272.0000						
27.0942	3144.0000						
27.0652	3408.0000						
27.0731	3390.0000						
27.1179	3377.0000						
27.1994	3564.0000						
27.3173	3425.0000						
27.4712	3325.0000						
27.6603	3250.0000						
27.8841	3287.0000						
28.1416	3256.0000						
28.4320	3417.0000						
28.7542	3181.0000						
29.1073	3029.0000						
29.4901	2991.0000						
29.9014	3030.0000						
30.3401	3083.0000						
30.8050	2950.0000						
31.2950	2934.0000						
31.8089	2920.0000						
32.3455	3032.0000						
32.9038	2984.0000						
33.4827	2954.0000						
34.0811	2711.0000						
34.6979	2791.0000						
35.3324	2783.0000						
35.9834	2723.0000						
36.6501	2860.0000						
37.3318	2939.0000						
38.0275	2551.0000						
38.7365	2824.0000						
39.4582	2911.0000						
40.1917	2694.0000						
40.9366	2569.0000						
40.7200	2927.0000						
39.9568	2809.0000						
39.2042	2884.0000						
38.4630	2775.0000						
37.7337	3098.0000						
37.0170	3084.0000						
36.3137	3087.0000						
35.6246	3021.0000						
34.9506	3195.0000						
34.2924	3257.0000						
33.6511	3424.0000						
33.0277	3394.0000						
32.4231	3328.0000						
31.8384	3446.0000						
31.2748	3475.0000						
30.7334	3584.0000						
30.2154	3420.0000						
29.7220	3578.0000						
29.2545	3542.0000						
28.8141	3467.0000						
28.4022	3450.0000						
28.0198	3514.0000						
27.6684	3673.0000						
27.3490	3638.0000						
27.0628	3608.0000						
26.8109	3623.0000						
26.5942	3495.0000						
26.4137	3693.0000						
26.2699	3515.0000						
26.1637	3544.0000						
26.0953	3334.0000						
26.0652	3496.0000						
26.0734	3451.0000						
26.1200	3303.0000						
26.2046	3444.0000						
26.3270	3317.0000						
26.4865	3192.0000						
26.6827	3264.0000						
26.9146	3233.0000						
27.1813	2934.0000						
27.4818	3138.0000						
27.8151	3094.0000						
28.1799	3108.0000						
28.5751	3083.0000						
28.9994	2883.0000						
29.4515	3014.0000						
29.9303	3142.0000						
30.4344	2869.0000						
30.9625	3032.0000						
31.5136	3134.0000						
32.0864	2982.0000						
32.6797	2838.0000						
33.2925	2702.0000						
33.9237	2821.0000						
34.5724	2842.0000						
35.2374	2998.0000						
35.9180	2873.0000						
36.6133	2604.0000						
37.3224	2834.0000						
38.0446	2787.0000						
38.7791	2750.0000						
39.5253	2698.0000						
40.2825	2771.0000						
40.0872	2983.0000						
39.3118	2914.0000						
38.5466	3224.0000						
37.7925	2968.0000						
37.0500	3134.0000						
36.3198	3062.0000						
35.6028	3099.0000						
34.8997	3102.0000						
34.2113	3365.0000						
33.5387	3227.0000						
32.8827	3580.0000						
32.2444	3252.0000						
31.6248	3255.0000						
31.0251	3619.0000						
30.4464	3444.0000						
29.8900	3557.0000						
29.3571	3587.0000						
28.8491	3593.0000						
28.3672	3512.0000						
27.9128	3523.0000						
27.4874	3652.0000						
27.0921	3645.0000						
26.7285	3629.0000						
26.3977	3673.0000						
26.1011	3519.0000						
25.8398	3658.0000						
25.6150	3565.0000						
25.4274	3303.0000						
25.2781	3646.0000						
25.1677	3462.0000						
25.0966	3497.0000						
25.0653	3579.0000						
25.0738	3388.0000						
25.1222	3208.0000						
25.2102	3495.0000						
25.3374	3207.0000						
25.5031	3389.0000						
25.7068	3326.0000						
25.9474	3287.0000						
26.2239	3281.0000						
26.5353	3342.0000						
26.8803	3249.0000						
27.2577	3184.0000						
27.6660	2974.0000						
28.1040	3131.0000						
28.5704	3022.0000						
29.0636	3203.0000						
29.5825	3016.0000						
30.1256	3076.0000						
30.6917	2976.0000						
31.2795	2874.0000						
31.8879	2933.0000						
32.5156	2899.0000						
33.1616	2722.0000						
33.8249	2823.0000						
34.5043	2668.0000						
35.1991	2802.0000						
35.9083	2979.0000						
36.6311	2922.0000						
37.3666	2729.0000						
38.1142	2729.0000						
38.8731	2943.0000						
39.6428	2766.0000						
39.4697	3089.0000						
38.6819	2906.0000						
37.9040	2859.0000						
37.1368	2863.0000						
36.3810	3094.0000						
35.6371	3256.0000						
34.9060	3199.0000						
34.1886	3239.0000						
33.4856	3182.0000						
32.7981	3297.0000						
32.1270	3294.0000						
31.4734	3696.0000						
30.8383	3438.0000						
30.2230	3470.0000						
29.6287	3706.0000						
29.0566	3717.0000						
28.5082	3610.0000						
27.9847	3361.0000						
27.4877	3559.0000						
27.0185	3387.0000						
26.5787	3654.0000						
26.1698	3825.0000						
25.7931	3600.0000						
25.4502	3773.0000						
25.1424	3661.0000						
24.8711	3643.0000						
24.6373	3580.0000						
24.4423	3733.0000						
24.2869	3648.0000						
24.1720	3610.0000						
24.0980	3772.0000						
24.0653	3452.0000						
24.0742	3692.0000						
24.1246	3598.0000						
24.2162	3518.0000						
24.3486	3564.0000						
24.5211	3365.0000						
24.7328	3334.0000						
24.9828	3391.0000						
25.2699	3217.0000						
25.5929	3519.0000						
25.9504	3199.0000						
26.3411	3353.0000						
26.7634	3140.0000						
27.2160	3245.0000						
27.6973	3135.0000						
28.2058	3149.0000						
28.7401	3032.0000						
29.2989	2942.0000						
29.8806	2885.0000						
30.4841	2919.0000						
31.1080	2849.0000						
31.7512	3019.0000						
32.4124	2879.0000						
33.0907	2935.0000						
33.7849	2920.0000						
34.4942	2908.0000						
35.2176	2724.0000						
35.9542	2869.0000						
36.7034	2704.0000						
37.4642	2895.0000						
38.2360	2730.0000						
39.0182	2726.0000						
38.8681	3123.0000						
38.0679	2885.0000						
37.2772	2921.0000						
36.4968	3146.0000						
35.7274	3196.0000						
34.9696	2996.0000						
34.2243	3219.0000						
33.4923	3195.0000						
32.7744	3188.0000						
32.0716	3194.0000						
31.3850	3220.0000						
30.7156	3267.0000						
30.0645	3266.0000						
29.4330	3501.0000						
28.8224	3765.0000						
28.2340	3519.0000						
27.6692	3676.0000						
27.1296	3667.0000						
26.6166	3630.0000						
26.1318	3779.0000						
25.6769	3837.0000						
25.2533	3931.0000						
24.8628	3940.0000						
24.5069	3897.0000						
24.1871	4016.0000						
23.9049	3757.0000						
23.6616	3765.0000						
23.4585	3716.0000						
23.2965	3491.0000						
23.1766	3648.0000						
23.0995	3475.0000						
23.0654	3585.0000						
23.0747	3407.0000						
23.1273	3652.0000						
23.2228	3311.0000						
23.3608	3711.0000						
23.5405	3509.0000						
23.7610	3412.0000						
24.0211	3296.0000						
24.3196	3508.0000						
24.6550	3353.0000						
25.0259	3306.0000						
25.4308	3356.0000						
25.8680	3207.0000						
26.3360	3539.0000						
26.8330	3046.0000						
27.3576	3170.0000						
27.9082	3050.0000						
28.4833	3031.0000						
29.0813	2885.0000						
29.7011	3221.0000						
30.3411	2836.0000						
31.0002	3020.0000						
31.6771	3124.0000						
32.3708	2832.0000						
33.0801	2843.0000						
33.8042	2802.0000						
34.5420	2808.0000						
35.2928	2764.0000						
36.0556	2717.0000						
36.8298	2651.0000						
37.6147	2811.0000						
38.4096	2737.0000						
38.2832	2854.0000						
37.4704	3205.0000						
36.6669	2877.0000						
35.8733	3028.0000						
35.0902	3238.0000						
34.3183	3170.0000						
33.5585	3290.0000						
32.8116	3355.0000						
32.0785	3375.0000						
31.3602	3387.0000						
30.6576	3367.0000						
29.9720	3443.0000						
29.3044	3414.0000						
28.6561	3615.0000						
28.0286	3633.0000						
27.4232	3546.0000						
26.8414	3955.0000						
26.2848	3666.0000						
25.7549	3699.0000						
25.2536	3850.0000						
24.7825	3850.0000						
24.3434	3810.0000						
23.9381	3779.0000						
23.5682	4019.0000						
23.2355	3697.0000						
22.9416	3751.0000						
22.6880	3575.0000						
22.4760	3729.0000						
22.3070	3718.0000						
22.1817	3693.0000						
22.1011	3757.0000						
22.0655	3665.0000						
22.0752	3650.0000						
22.1301	3474.0000						
22.2300	3751.0000						
22.3741	3538.0000						
22.5617	3517.0000						
22.7916	3286.0000						
23.0626	3522.0000						
23.3733	3416.0000						
23.7222	3288.0000						
24.1075	3347.0000						
24.5275	3340.0000						
24.9805	3167.0000						
25.4648	3228.0000						
25.9785	3184.0000						
26.5200	3213.0000						
27.0876	3072.0000						
27.6798	3169.0000						
28.2948	2974.0000						
28.9314	2950.0000						
29.5881	2891.0000						
30.2636	2717.0000						
30.9566	2828.0000						
31.6661	3040.0000						
32.3909	2809.0000						
33.1300	2912.0000						
33.8825	2739.0000						
34.6476	2803.0000						
35.4243	2820.0000						
36.2120	2597.0000						
37.0100	2854.0000						
37.8175	2858.0000						
37.7158	2769.0000						
36.8905	2964.0000						
36.0740	3030.0000						
35.2670	3219.0000						
34.4702	3227.0000						
33.6841	3221.0000						
32.9097	3339.0000						
32.1477	3276.0000						
31.3991	3381.0000						
30.6649	3575.0000						
29.9460	3492.0000						
29.2436	3807.0000						
28.5590	3677.0000						
27.8935	3886.0000						
27.2484	3882.0000						
26.6253	3793.0000						
26.0256	3787.0000						
25.4512	3911.0000						
24.9036	4027.0000						
24.3848	3899.0000						
23.8966	3899.0000						
23.4409	3907.0000						
23.0196	3716.0000						
22.6347	3823.0000						
22.2881	3852.0000						
21.9815	3954.0000						
21.7167	3758.0000						
21.4952	4020.0000						
21.3184	3787.0000						
21.1873	3784.0000						
21.1029	3902.0000						
21.0656	3768.0000						
21.0758	3742.0000						
21.1333	3641.0000						
21.2378	3691.0000						
21.3886	3785.0000						
21.5847	3682.0000						
21.8250	3514.0000						
22.1079	3547.0000						
22.4318	3669.0000						
22.7951	3575.0000						
23.1958	3490.0000						
23.6320	3265.0000						
24.1019	3177.0000						
24.6034	3132.0000						
25.1348	3403.0000						
25.6941	3194.0000						
26.2795	3103.0000						
26.8894	3182.0000						
27.5222	2864.0000						
28.1762	2918.0000						
28.8501	3047.0000						
29.5424	3091.0000						
30.2520	2852.0000						
30.9776	2951.0000						
31.7181	2760.0000						
32.4726	2794.0000						
33.2400	2767.0000						
34.0195	2916.0000						
34.8103	2895.0000						
35.6116	2769.0000						
36.4227	2885.0000						
37.2430	2698.0000						
37.1665	2965.0000						
36.3288	2869.0000						
35.4994	3031.0000						
34.6790	3100.0000						
33.8683	3224.0000						
33.0680	3073.0000						
32.2788	3301.0000						
31.5016	3357.0000						
30.7372	3591.0000						
29.9868	3571.0000						
29.2512	3779.0000						
28.5318	3591.0000						
27.8297	3632.0000						
27.1463	3787.0000						
26.4830	3733.0000						
25.8414	4013.0000						
25.2231	3966.0000						
24.6299	4034.0000						
24.0637	3887.0000						
23.5264	3989.0000						
23.0200	4081.0000						
22.5466	4038.0000						
22.1083	3907.0000						
21.7072	4180.0000						
21.3456	3981.0000						
21.0252	3961.0000						
20.7482	3912.0000						
20.5163	3814.0000						
20.3309	3821.0000						
20.1934	3767.0000						
20.1048	3886.0000						
20.0657	3553.0000						
20.0764	3839.0000						
20.1367	3815.0000						
20.2464	3849.0000						
20.4045	3405.0000						
20.6100	3697.0000						
20.8615	3796.0000						
21.1573	3685.0000						
21.4956	3516.0000						
21.8744	3509.0000						
22.2916	3376.0000						
22.7452	3481.0000						
23.2330	3464.0000						
23.7529	3175.0000						
24.3029	3203.0000						
24.8809	3168.0000						
25.4850	3207.0000						
26.1135	2996.0000						
26.7646	2955.0000						
27.4367	3037.0000						
28.1283	3161.0000						
28.8380	3191.0000						
29.5644	2970.0000						
30.3065	3079.0000						
31.0631	2855.0000						
31.8330	2885.0000						
32.6155	2936.0000						
33.4096	2882.0000						
34.2144	2842.0000						
35.0294	2962.0000						
35.8536	2943.0000						
36.6867	3008.0000						
36.6364	2908.0000						
35.7862	3074.0000						
34.9440	3016.0000						
34.1102	3035.0000						
33.2857	3135.0000						
32.4710	3355.0000						
31.6669	3325.0000						
30.8743	3462.0000						
30.0940	3519.0000						
29.3271	3450.0000						
28.5746	3477.0000						
27.8377	3595.0000						
27.1176	3707.0000						
26.4158	3674.0000						
25.7337	3907.0000						
25.0729	3903.0000						
24.4352	3988.0000						
23.8224	3852.0000						
23.2365	4090.0000						
22.6796	4082.0000						
22.1538	4103.0000						
21.6615	4143.0000						
21.2049	4092.0000						
20.7865	4114.0000						
20.4085	4235.0000						
20.0732	4002.0000						
19.7829	4359.0000						
19.5395	4205.0000						
19.3447	3902.0000						
19.2002	4118.0000						
19.1070	4054.0000						
19.0658	3969.0000						
19.0770	3855.0000						
19.1406	3901.0000						
19.2559	3903.0000						
19.4221	3897.0000						
19.6379	3839.0000						
19.9016	3585.0000						
20.2115	3690.0000						
20.5653	3390.0000						
20.9609	3557.0000						
21.3960	3545.0000						
21.8682	3397.0000						
22.3751	3505.0000						
22.9145	3401.0000						
23.4841	3360.0000						
24.0817	3074.0000						
24.7054	3151.0000						
25.3532	3218.0000						
26.0234	3480.0000						
26.7141	2905.0000						
27.4239	2967.0000						
28.1514	2986.0000						
28.8951	3084.0000						
29.6540	2888.0000						
30.4267	3020.0000						
31.2124	3032.0000						
32.0100	2866.0000						
32.8188	2861.0000						
33.6378	2950.0000						
34.4663	2945.0000						
35.3038	2777.0000						
36.1495	2897.0000						
36.1261	2880.0000						
35.2636	3012.0000						
34.4086	3270.0000						
33.5616	3156.0000						
32.7232	3495.0000						
31.8942	3139.0000						
31.0752	3228.0000						
30.2671	3243.0000						
29.4707	3247.0000						
28.6871	3525.0000						
27.9174	3429.0000						
27.1626	3686.0000						
26.4242	3797.0000						
25.7034	3809.0000						
25.0019	3904.0000						
24.3212	3872.0000						
23.6633	3924.0000						
23.0300	3870.0000						
22.4234	3914.0000						
21.8457	4052.0000						
21.2994	4266.0000						
20.7868	4185.0000						
20.3106	4367.0000						
19.8733	4177.0000						
19.4776	4170.0000						
19.1261	4328.0000						
18.8211	4188.0000						
18.5651	4225.0000						
18.3601	4003.0000						
18.2077	4119.0000						
18.1094	4496.0000						
18.0659	3952.0000						
18.0778	3753.0000						
18.1448	4174.0000						
18.2664	3805.0000						
18.4415	4096.0000						
18.6687	3602.0000						
18.9459	3929.0000						
19.2711	3515.0000						
19.6419	3625.0000						
20.0557	3674.0000						
20.5100	3604.0000						
21.0021	3414.0000						
21.5295	3496.0000						
22.0895	3463.0000						
22.6798	3489.0000						
23.2981	3385.0000						
23.9423	3534.0000						
24.6102	3153.0000						
25.3000	3121.0000						
26.0099	3121.0000						
26.7385	3063.0000						
27.4841	3060.0000						
28.2454	3007.0000						
29.0212	2958.0000						
29.8104	3078.0000						
30.6119	3207.0000						
31.4248	2924.0000						
32.2482	2867.0000						
33.0813	2874.0000						
33.9235	2902.0000						
34.7740	2695.0000						
35.6323	3009.0000						
35.6366	3044.0000						
34.7620	2975.0000						
33.8943	3108.0000						
33.0341	3251.0000						
32.1820	3071.0000						
31.3387	3334.0000						
30.5047	3149.0000						
29.6811	3392.0000						
28.8686	3655.0000						
28.0682	3647.0000						
27.2810	3717.0000						
26.5081	3700.0000						
25.7509	3671.0000						
25.0108	3805.0000						
24.2892	3771.0000						
23.5880	4036.0000						
22.9090	4041.0000						
22.2543	3949.0000						
21.6259	4199.0000						
21.0264	4144.0000						
20.4582	4240.0000						
19.9240	4264.0000						
19.4266	4468.0000						
18.9690	4147.0000						
18.5540	4320.0000						
18.1846	4610.0000						
17.8636	4462.0000						
17.5936	4273.0000						
17.3771	4340.0000						
17.2161	4259.0000						
17.1120	4175.0000						
17.0660	4213.0000						
17.0786	4114.0000						
17.1495	4027.0000						
17.2782	3936.0000						
17.4632	4026.0000						
17.7029	3683.0000						
17.9950	3953.0000						
18.3371	3747.0000						
18.7264	3847.0000						
19.1600	3822.0000						
19.6350	3682.0000						
20.1485	3580.0000						
20.6976	3341.0000						
21.2795	3360.0000						
21.8917	3376.0000						
22.5317	3214.0000						
23.1971	3353.0000						
23.8858	3198.0000						
24.5960	3213.0000						
25.3257	3291.0000						
26.0733	3018.0000						
26.8374	3036.0000						
27.6166	3154.0000						
28.4096	2887.0000						
29.2153	3031.0000						
30.0326	2880.0000						
30.8608	2849.0000						
31.6988	2714.0000						
32.5460	2812.0000						
33.4017	2763.0000						
34.2652	2853.0000						
35.1359	2621.0000						
35.1688	2878.0000						
34.2822	2927.0000						
33.4021	2984.0000						
32.5289	3209.0000						
31.6632	3021.0000						
30.8056	3393.0000						
29.9568	3294.0000						
29.1177	3266.0000						
28.2890	3505.0000						
27.4718	3540.0000						
26.6669	3836.0000						
25.8757	3762.0000						
25.0995	3729.0000						
24.3395	3905.0000						
23.5974	3884.0000						
22.8750	3851.0000						
22.1742	4240.0000						
21.4971	4092.0000						
20.8459	4345.0000						
20.2233	4162.0000						
19.6319	4465.0000						
19.0745	4264.0000						
18.5544	4613.0000						
18.0747	4650.0000						
17.6387	4392.0000						
17.2497	4526.0000						
16.9110	4357.0000						
16.6255	4581.0000						
16.3963	4263.0000						
16.2255	4417.0000						
16.1150	4360.0000						
16.0662	4238.0000						
16.0795	4304.0000						
16.1549	4185.0000						
16.2913	4164.0000						
16.4874	4121.0000						
16.7411	3945.0000						
17.0497	3994.0000						
17.4104	4024.0000						
17.8199	3868.0000						
18.2751	3858.0000						
18.7725	3449.0000						
19.3089	3585.0000						
19.8812	3643.0000						
20.4864	3343.0000						
21.1216	3499.0000						
21.7841	3268.0000						
22.4717	3276.0000						
23.1820	3421.0000						
23.9130	3433.0000						
24.6630	3370.0000						
25.4301	3169.0000						
26.2130	3018.0000						
27.0101	3174.0000						
27.8204	2995.0000						
28.6427	3015.0000						
29.4760	2970.0000						
30.3193	2933.0000						
31.1719	2961.0000						
32.0331	2750.0000						
32.9021	2951.0000						
33.7783	2770.0000						
34.6613	2780.0000						
34.7234	2953.0000						
33.8252	3120.0000						
32.9328	1723.0000						
32.0468	3154.0000						
31.1677	3212.0000						
30.2961	3322.0000						
29.4327	3274.0000						
28.5782	3534.0000						
27.7334	3489.0000						
26.8993	3692.0000						
26.0768	3479.0000						
25.2671	3756.0000						
24.4715	3857.0000						
23.6914	3810.0000						
22.9284	3929.0000						
22.1842	4007.0000						
21.4609	4139.0000						
20.7605	4145.0000						
20.0855	4331.0000						
19.4385	4449.0000						
18.8224	4303.0000						
18.2404	4311.0000						
17.6957	4658.0000						
17.1921	4470.0000						
16.7331	4661.0000						
16.3225	4695.0000						
15.9641	4734.0000						
15.6615	4579.0000						
15.4178	4665.0000						
15.2361	4540.0000						
15.1184	4621.0000						
15.0664	4549.0000						
15.0806	4584.0000						
15.1609	4535.0000						
15.3062	3869.0000						
15.5148	4215.0000						
15.7841	4175.0000						
16.1110	4136.0000						
16.4922	4023.0000						
16.9240	4029.0000						
17.4026	3986.0000						
17.9243	3540.0000						
18.4853	3539.0000						
19.0823	3524.0000						
19.7120	3479.0000						
20.3714	3338.0000						
21.0576	3308.0000						
21.7681	3552.0000						
22.5006	3114.0000						
23.2531	3257.0000						
24.0236	3081.0000						
24.8105	3360.0000						
25.6123	3058.0000						
26.4276	3171.0000						
27.2552	3081.0000						
28.0941	3005.0000						
28.9431	2958.0000						
29.8016	2956.0000						
30.6686	3012.0000						
31.5435	2853.0000						
32.4256	2805.0000						
33.3144	2907.0000						
34.2093	2889.0000						
34.3014	3234.0000						
33.3918	3076.0000						
32.4876	3077.0000						
31.5891	3081.0000						
30.6969	3097.0000						
29.8116	3372.0000						
28.9337	3278.0000						
28.0640	3520.0000						
27.2032	3500.0000						
26.3523	3610.0000						
25.5122	3583.0000						
24.6840	3876.0000						
23.8690	3918.0000						
23.0685	4009.0000						
22.2842	3667.0000						
21.5177	3868.0000						
20.7712	4141.0000						
20.0467	4330.0000						
19.3468	4263.0000						
18.6742	4484.0000						
18.0321	4577.0000						
17.4237	4649.0000						
16.8527	4693.0000						
16.3230	4626.0000						
15.8388	4707.0000						
15.4045	4850.0000						
15.0242	4829.0000						
14.7022	4642.0000						
14.4424	4982.0000						
14.2482	4838.0000						
14.1223	4664.0000						
14.0665	4674.0000						
14.0818	4709.0000						
14.1677	4582.0000						
14.3232	4852.0000						
14.5458	4445.0000						
14.8327	4515.0000						
15.1802	4452.0000						
15.5842	4415.0000						
16.0404	4131.0000						
16.5446	4011.0000						
17.0925	3765.0000						
17.6799	3842.0000						
18.3032	3667.0000						
18.9588	3511.0000						
19.6435	3675.0000						
20.3542	3318.0000						
21.0884	3313.0000						
21.8438	3330.0000						
22.6181	3607.0000						
23.4096	3247.0000						
24.2164	3190.0000						
25.0373	3200.0000						
25.8707	3186.0000						
26.7156	3055.0000						
27.5708	2977.0000						
28.4355	3116.0000						
29.3088	3096.0000						
30.1900	3109.0000						
31.0783	3158.0000						
31.9733	2767.0000						
32.8743	3025.0000						
33.7809	2832.0000						
33.9037	3096.0000						
32.9832	3016.0000						
32.0674	3143.0000						
31.1568	3357.0000						
30.2518	3420.0000						
29.3531	3160.0000						
28.4610	3372.0000						
27.5764	3369.0000						
26.6999	3562.0000						
25.8325	3436.0000						
24.9749	3774.0000						
24.1282	3850.0000						
23.2938	4035.0000						
22.4729	3995.0000						
21.6670	4140.0000						
20.8779	3958.0000						
20.1076	3884.0000						
19.3583	4471.0000						
18.6325	4185.0000						
17.9332	4692.0000						
17.2635	4462.0000						
16.6270	4621.0000						
16.0276	4620.0000						
15.4698	4681.0000						
14.9580	4943.0000						
14.4972	5051.0000						
14.0925	5090.0000						
13.7487	5139.0000						
13.4705	4810.0000						
13.2621	4935.0000						
13.1268	5119.0000						
13.0668	4965.0000						
13.0832	4576.0000						
13.1756	5043.0000						
13.3426	4896.0000						
13.5814	4668.0000						
13.8882	4325.0000						
14.2587	4365.0000						
14.6881	4165.0000						
15.1713	4225.0000						
15.7034	4155.0000						
16.2796	3907.0000						
16.8954	3802.0000						
17.5465	3783.0000						
18.2294	3758.0000						
18.9404	3573.0000						
19.6765	3499.0000						
20.4351	3578.0000						
21.2138	3303.0000						
22.0103	3521.0000						
22.8228	3388.0000						
23.6497	3204.0000						
24.4895	3038.0000						
25.3410	2928.0000						
26.2029	2961.0000						
27.0744	3190.0000						
27.9544	3180.0000						
28.8423	2892.0000						
29.7373	3128.0000						
30.6388	3020.0000						
31.5462	2859.0000						
32.4591	3071.0000						
33.3770	2836.0000						
33.5311	3360.0000						
32.6000	3270.0000						
31.6732	3207.0000						
30.7509	3145.0000						
29.8336	3457.0000						
28.9219	3419.0000						
28.0161	3404.0000						
27.1170	3547.0000						
26.2252	3306.0000						
25.3414	3569.0000						
24.4666	3738.0000						
23.6018	3858.0000						
22.7480	3908.0000						
21.9067	3936.0000						
21.0791	4129.0000						
20.2672	4199.0000						
19.4727	4104.0000						
18.6980	4490.0000						
17.9456	4302.0000						
17.2184	4580.0000						
16.5197	4544.0000						
15.8534	4688.0000						
15.2236	4888.0000						
14.6351	4860.0000						
14.0931	5138.0000						
13.6030	4938.0000						
13.1708	5197.0000						
12.8023	5246.0000						
12.5031	5349.0000						
12.2783	5520.0000						
12.1320	5180.0000						
12.0670	5063.0000						
12.0848	4927.0000						
12.1848	5145.0000						
12.3652	5031.0000						
12.6225	4992.0000						
12.9520	4567.0000						
13.3485	4762.0000						
13.8062	4323.0000						
14.3192	4588.0000						
14.8818	4190.0000						
15.4886	4167.0000						
16.1346	3923.0000						
16.8153	3804.0000						
17.5266	3806.0000						
18.2650	3489.0000						
19.0273	3443.0000						
19.8108	3327.0000						
20.6130	3346.0000						
21.4319	3500.0000						
22.2655	3241.0000						
23.1124	3333.0000						
23.9710	3204.0000						
24.8403	3066.0000						
25.7190	3067.0000						
26.6063	3028.0000						
27.5013	3071.0000						
28.4034	3019.0000						
29.3118	2996.0000						
30.2260	3104.0000						
31.1454	2964.0000						
32.0697	3000.0000						
32.9984	2832.0000						
33.1844	2969.0000						
32.2434	3147.0000						
31.3059	3228.0000						
30.3725	3026.0000						
29.4435	3166.0000						
28.5192	3475.0000						
27.6003	3360.0000						
26.6872	3332.0000						
25.7805	3591.0000						
24.8809	3528.0000						
23.9894	3560.0000						
23.1067	3927.0000						
22.2339	3693.0000						
21.3723	3969.0000						
20.5232	3852.0000						
19.6884	4162.0000						
18.8695	4151.0000						
18.0690	4379.0000						
17.2892	4389.0000						
16.5331	4527.0000						
15.8042	4737.0000						
15.1064	4872.0000						
14.4440	4955.0000						
13.8224	5076.0000						
13.2472	5178.0000						
12.7246	5403.0000						
12.2615	5429.0000						
11.8648	5606.0000						
11.5413	5568.0000						
11.2973	5804.0000						
11.1381	5616.0000						
11.0673	5845.0000						
11.0867	5465.0000						
11.1957	5291.0000						
11.3917	5295.0000						
11.6705	5167.0000						
12.0261	5011.0000						
12.4522	4887.0000						
12.9416	4548.0000						
13.4875	4695.0000						
14.0834	4355.0000						
14.7231	4260.0000						
15.4012	4071.0000						
16.1129	4100.0000						
16.8539	3806.0000						
17.6205	3776.0000						
18.4096	3633.0000						
19.2182	3608.0000						
20.0442	3582.0000						
20.8853	3452.0000						
21.7400	3415.0000						
22.6065	3435.0000						
23.4837	2946.0000						
24.3703	2993.0000						
25.2654	3083.0000						
26.1681	3138.0000						
27.0776	3191.0000						
27.9933	3047.0000						
28.9146	3010.0000						
29.8409	3021.0000						
30.7719	2938.0000						
31.7071	2963.0000						
32.6461	2978.0000						
32.8645	3006.0000						
31.9140	3048.0000						
30.9667	3224.0000						
30.0227	3297.0000						
29.0825	3236.0000						
28.1464	3391.0000						
27.2149	3532.0000						
26.2883	3578.0000						
25.3674	3597.0000						
24.4527	3496.0000						
23.5449	3752.0000						
22.6449	3944.0000						
21.7536	3966.0000						
20.8722	3780.0000						
20.0019	4193.0000						
19.1443	4133.0000						
18.3012	4309.0000						
17.4746	4360.0000						
16.6670	4571.0000						
15.8814	4866.0000						
15.1211	4778.0000						
14.3901	4979.0000						
13.6932	5134.0000						
13.0358	5173.0000						
12.4242	5480.0000						
11.8654	5437.0000						
11.3673	5585.0000						
10.9382	5936.0000						
10.5865	6132.0000						
10.3200	5930.0000						
10.1455	6049.0000						
10.0677	5869.0000						
10.0890	5988.0000						
10.2086	5539.0000						
10.4232	5237.0000						
10.7272	5302.0000						
11.1131	5102.0000						
11.5728	5050.0000						
12.0978	4707.0000						
12.6801	4601.0000						
13.3122	4474.0000						
13.9872	4389.0000						
14.6994	4312.0000						
15.4434	4110.0000						
16.2151	4055.0000						
17.0105	3735.0000						
17.8265	3698.0000						
18.6605	3609.0000						
19.5100	3748.0000						
20.3733	3682.0000						
21.2485	3264.0000						
22.1343	3392.0000						
23.0294	3272.0000						
23.9329	3272.0000						
24.8438	3150.0000						
25.7612	3197.0000						
26.6846	3099.0000						
27.6134	3198.0000						
28.5469	2825.0000						
29.4848	3144.0000						
30.4267	3108.0000						
31.3721	2999.0000						
32.3209	2858.0000						
32.5722	3009.0000						
31.6130	3251.0000						
30.6563	3344.0000						
29.7025	3133.0000						
28.7518	3421.0000						
27.8045	3190.0000						
26.8611	3431.0000						
25.9220	3493.0000						
24.9876	3239.0000						
24.0584	3540.0000						
23.1351	3584.0000						
22.2185	3627.0000						
21.3094	4174.0000						
20.4088	4062.0000						
19.5179	3851.0000						
18.6380	4124.0000						
17.7709	4326.0000						
16.9184	4312.0000						
16.0830	4784.0000						
15.2673	4712.0000						
14.4748	4753.0000						
13.7094	5106.0000						
12.9760	5398.0000						
12.2802	5420.0000						
11.6290	5530.0000						
11.0300	6065.0000						
10.4923	6117.0000						
10.0259	6446.0000						
9.6409	6610.0000						
9.3474	6494.0000						
9.1544	6367.0000						
9.0682	6431.0000						
9.0917	6512.0000						
9.2243	6171.0000						
9.4613	5906.0000						
9.7952	5944.0000						
10.2163	5457.0000						
10.7146	4848.0000						
11.2796	5171.0000						
11.9020	4701.0000						
12.5733	4566.0000						
13.2859	4297.0000						
14.0337	4232.0000						
14.8112	4283.0000						
15.6141	4019.0000						
16.4386	3882.0000						
17.2817	3619.0000						
18.1407	3829.0000						
19.0135	3636.0000						
19.8983	3480.0000						
20.7935	3534.0000						
21.6979	3404.0000						
22.6103	3497.0000						
23.5299	3214.0000						
24.4558	3132.0000						
25.3873	3307.0000						
26.3238	3107.0000						
27.2648	3068.0000						
28.2099	3003.0000						
29.1586	3013.0000						
30.1107	3153.0000						
31.0658	2781.0000						
32.0236	2876.0000						
32.3083	3144.0000						
31.3409	3094.0000						
30.3757	3090.0000						
29.4127	3395.0000						
28.4524	3303.0000						
27.4948	3184.0000						
26.5404	3334.0000						
25.5895	3144.0000						
24.6425	3498.0000						
23.6998	3638.0000						
22.7620	3801.0000						
21.8297	3653.0000						
20.9037	3855.0000						
19.9848	4039.0000						
19.0741	4053.0000						
18.1728	4129.0000						
17.2823	4180.0000						
16.4045	4599.0000						
15.5414	4671.0000						
14.6957	4550.0000						
13.8705	4971.0000						
13.0698	5242.0000						
12.2983	5416.0000						
11.5619	5472.0000						
10.8676	5930.0000						
10.2242	6313.0000						
9.6417	6649.0000						
9.1318	6546.0000						
8.7074	6583.0000						
8.3814	6786.0000						
8.1655	7010.0000						
8.0687	6855.0000						
8.0952	6757.0000						
8.2438	6689.0000						
8.5082	6484.0000						
8.8779	5920.0000						
9.3406	5696.0000						
9.8830	5380.0000						
10.4930	5138.0000						
11.1594	5181.0000						
11.8726	4703.0000						
12.6249	4514.0000						
13.4096	4380.0000						
14.2213	4255.0000						
15.0557	4381.0000						
15.9092	3773.0000						
16.7789	4014.0000						
17.6623	3785.0000						
18.5577	3691.0000						
19.4632	3630.0000						
20.3775	3292.0000						
21.2996	3259.0000						
22.2284	3248.0000						
23.1631	3109.0000						
24.1031	3267.0000						
25.0477	2983.0000						
25.9964	3067.0000						
26.9489	3207.0000						
27.9047	3058.0000						
28.8635	2962.0000						
29.8250	3027.0000						
30.7889	2975.0000						
31.7551	3129.0000						
32.0733	3188.0000						
31.0986	3042.0000						
30.1256	3257.0000						
29.1544	3191.0000						
28.1853	3248.0000						
27.2183	3294.0000						
26.2539	3455.0000						
25.2922	3370.0000						
24.3336	3625.0000						
23.3784	3538.0000						
22.4272	3793.0000						
21.4804	3596.0000						
20.5387	3782.0000						
19.6027	3817.0000						
18.6733	4001.0000						
17.7517	4238.0000						
16.8390	4299.0000						
15.9367	4607.0000						
15.0468	4292.0000						
14.1717	4625.0000						
13.3141	5109.0000						
12.4777	5527.0000						
11.6671	5329.0000						
10.8880	5769.0000						
10.1478	6211.0000						
9.4555	6270.0000						
8.8224	6471.0000						
8.2622	6889.0000						
7.7905	7279.0000						
7.4243	7496.0000						
7.1797	7243.0000						
7.0694	7531.0000						
7.0997	7677.0000						
7.2687	7306.0000						
7.5672	7022.0000						
7.9806	6629.0000						
8.4923	6175.0000						
9.0855	5641.0000						
9.7455	5529.0000						
10.4596	5142.0000						
11.2175	4783.0000						
12.0109	4752.0000						
12.8331	4705.0000						
13.6791	4311.0000						
14.5446	4232.0000						
15.4264	4170.0000						
16.3219	3820.0000						
17.2288	3684.0000						
18.1455	3760.0000						
19.0706	3431.0000						
20.0029	3497.0000						
20.9415	3320.0000						
21.8855	3433.0000						
22.8342	3188.0000						
23.7872	3447.0000						
24.7439	3334.0000						
25.7038	3013.0000						
26.6667	3270.0000						
27.6323	2955.0000						
28.6002	3150.0000						
29.5703	3276.0000						
30.5422	2935.0000						
31.5160	2987.0000						
31.8680	2993.0000						
30.8868	3018.0000						
29.9069	3120.0000						
28.9284	3193.0000						
27.9514	3207.0000						
26.9761	3127.0000						
26.0027	3286.0000						
25.0313	3402.0000						
24.0623	3495.0000						
23.0960	3695.0000						
22.1326	3357.0000						
21.1727	3792.0000						
20.2166	3771.0000						
19.2649	3984.0000						
18.3185	3984.0000						
17.3780	4226.0000						
16.4446	4346.0000						
15.5194	4499.0000						
14.6041	4817.0000						
13.7007	4908.0000						
12.8116	5344.0000						
11.9401	5152.0000						
11.0903	5846.0000						
10.2675	6183.0000						
9.4790	6429.0000						
8.7338	6360.0000						
8.0441	7160.0000						
7.4254	7630.0000						
6.8967	7922.0000						
6.4802	8245.0000						
6.1985	8386.0000						
6.0704	7995.0000						
6.1056	8215.0000						
6.3013	7738.0000						
6.6434	7203.0000						
7.1108	6866.0000						
7.6806	6439.0000						
8.3319	6257.0000						
9.0470	5824.0000						
9.8121	5428.0000						
10.6163	4896.0000						
11.4514	4789.0000						
12.3111	4581.0000						
13.1905	4280.0000						
14.0861	4124.0000						
14.9949	4087.0000						
15.9146	3923.0000						
16.8435	4021.0000						
17.7801	3566.0000						
18.7233	3361.0000						
19.6720	3681.0000						
20.6257	3643.0000						
21.5835	3347.0000						
22.5449	3289.0000						
23.5096	3468.0000						
24.4772	3295.0000						
25.4472	3464.0000						
26.4195	3339.0000						
27.3937	3046.0000						
28.3698	3069.0000						
29.3475	3015.0000						
30.3266	3001.0000						
31.3070	3014.0000						
31.6929	2881.0000						
30.7062	2942.0000						
29.7203	3018.0000						
28.7355	3251.0000						
27.7517	3124.0000						
26.7691	3369.0000						
25.7878	3140.0000						
24.8081	3540.0000						
23.8300	3369.0000						
22.8538	3706.0000						
21.8798	3614.0000						
20.9082	3778.0000						
19.9395	3885.0000						
18.9740	3716.0000						
18.0122	4070.0000						
17.0548	4187.0000						
16.1027	4309.0000						
15.1567	4466.0000						
14.2180	4548.0000						
13.2884	4917.0000						
12.3697	5196.0000						
11.4646	5523.0000						
10.5767	5767.0000						
9.7106	6406.0000						
8.8726	6527.0000						
8.0717	7206.0000						
7.3198	7085.0000						
6.6339	7816.0000						
6.0363	8670.0000						
5.5557	8964.0000						
5.2243	8965.0000						
5.0717	8780.0000						
5.1138	8828.0000						
5.3459	8674.0000						
5.7452	8075.0000						
6.2798	7606.0000						
6.9184	7254.0000						
7.6350	6556.0000						
8.4096	6072.0000						
9.2276	5705.0000						
10.0786	5259.0000						
10.9547	5053.0000						
11.8505	4758.0000						
12.7618	4938.0000						
13.6854	4371.0000						
14.6192	4231.0000						
15.5611	4061.0000						
16.5099	3999.0000						
17.4644	3801.0000						
18.4237	3642.0000						
19.3872	3576.0000						
20.3541	3519.0000						
21.3241	3313.0000						
22.2968	3252.0000						
23.2718	3243.0000						
24.2488	3309.0000						
25.2276	3208.0000						
26.2080	3172.0000						
27.1899	3453.0000						
28.1730	3035.0000						
29.1573	2898.0000						
30.1426	2869.0000						
31.1288	2871.0000						
31.5486	3097.0000						
30.5572	3027.0000						
29.5664	3212.0000						
28.5762	2947.0000						
27.5867	3290.0000						
26.5981	3260.0000						
25.6102	3368.0000						
24.6234	3452.0000						
23.6377	3590.0000						
22.6533	3498.0000						
21.6702	3598.0000						
20.6888	3716.0000						
19.7093	3860.0000						
18.7319	4079.0000						
17.7570	4108.0000						
16.7851	4148.0000						
15.8167	4264.0000						
14.8525	4572.0000						
13.8934	4741.0000						
12.9404	5038.0000						
11.9951	5221.0000						
11.0594	5514.0000						
10.1360	5874.0000						
9.2286	6381.0000						
8.3424	6633.0000						
7.4849	7388.0000						
6.6673	8034.0000						
5.9060	8649.0000						
5.2259	9072.0000						
4.6624	9775.0000						
4.2622	10562.0000						
4.0737	10465.0000						
4.1259	10211.0000						
4.4104	9699.0000						
4.8867	9097.0000						
5.5053	8243.0000						
6.2239	7527.0000						
7.0118	6973.0000						
7.8482	6419.0000						
8.7191	6043.0000						
9.6151	5438.0000						
10.5299	5032.0000						
11.4589	4927.0000						
12.3990	4811.0000						
13.3478	4391.0000						
14.3036	4038.0000						
15.2650	3984.0000						
16.2311	3791.0000						
17.2011	3803.0000						
18.1743	3438.0000						
19.1503	3797.0000						
20.1287	3599.0000						
21.1090	3374.0000						
22.0912	3349.0000						
23.0748	3326.0000						
24.0599	3218.0000						
25.0461	3097.0000						
26.0333	3409.0000						
27.0215	3099.0000						
28.0105	3192.0000						
29.0003	3108.0000						
29.9908	2917.0000						
30.9819	3092.0000						
31.4354	3130.0000						
30.4404	2804.0000						
29.4456	2875.0000						
28.4512	3202.0000						
27.4573	3080.0000						
26.4637	3078.0000						
25.4707	3112.0000						
24.4783	3492.0000						
23.4865	3601.0000						
22.4954	3412.0000						
21.5051	3605.0000						
20.5158	3724.0000						
19.5276	3667.0000						
18.5407	3957.0000						
17.5552	4108.0000						
16.5715	4135.0000						
15.5898	4237.0000						
14.6106	4457.0000						
13.6345	4706.0000						
12.6620	5045.0000						
11.6942	5330.0000						
10.7324	5282.0000						
9.7781	5945.0000						
8.8340	6446.0000						
7.9037	7299.0000						
6.9927	7377.0000						
6.1095	8240.0000						
5.2682	8837.0000						
4.4925	9848.0000						
3.8224	10592.0000						
3.3225	11343.0000						
3.0769	12721.0000						
3.1458	12183.0000						
3.5106	10804.0000						
4.0930	10441.0000						
4.8147	9045.0000						
5.6222	7880.0000						
6.4837	7297.0000						
7.3801	6470.0000						
8.3003	6310.0000						
9.2371	5522.0000						
10.1859	5384.0000						
11.1436	5080.0000						
12.1082	4631.0000						
13.0781	4517.0000						
14.0522	4272.0000						
15.0298	4138.0000						
16.0101	4193.0000						
16.9927	4008.0000						
17.9772	3631.0000						
18.9633	3502.0000						
19.9508	3714.0000						
20.9395	3449.0000						
21.9293	3407.0000						
22.9199	3265.0000						
23.9113	3278.0000						
24.9034	3036.0000						
25.8961	3150.0000						
26.8893	2911.0000						
27.8830	3120.0000						
28.8772	3118.0000						
29.8717	3025.0000						
30.8666	2866.0000						
31.3538	2928.0000						
30.3560	2812.0000						
29.3584	3000.0000						
28.3610	3022.0000						
27.3637	3214.0000						
26.3667	3182.0000						
25.3699	3359.0000						
24.3733	3356.0000						
23.3771	3555.0000						
22.3811	3603.0000						
21.3856	3495.0000						
20.3905	3626.0000						
19.3959	3670.0000						
18.4019	3696.0000						
17.4085	4126.0000						
16.4160	3998.0000						
15.4245	4295.0000						
14.4341	4508.0000						
13.4451	4857.0000						
12.4579	4879.0000						
11.4729	5113.0000						
10.4908	5750.0000						
9.5123	6171.0000						
8.5389	6252.0000						
7.5724	7001.0000						
6.6159	7498.0000						
5.6744	8726.0000						
4.7568	9180.0000						
3.8801	10756.0000						
3.0795	12015.0000						
2.4314	13658.0000						
2.0833	14771.0000						
2.1837	14102.0000						
2.6827	12841.0000						
3.4096	11071.0000						
4.2490	9488.0000						
5.1461	8465.0000						
6.0754	7557.0000						
7.0242	7083.0000						
7.9855	6366.0000						
8.9552	5755.0000						
9.9310	5451.0000						
10.9111	5111.0000						
11.8946	4799.0000						
12.8806	4619.0000						
13.8686	4382.0000						
14.8582	4447.0000						
15.8491	4159.0000						
16.8411	3982.0000						
17.8340	3688.0000						
18.8276	3587.0000						
19.8219	3805.0000						
20.8167	3424.0000						
21.8120	3452.0000						
22.8078	3275.0000						
23.8038	3164.0000						
24.8002	3235.0000						
25.7969	3151.0000						
26.7938	3379.0000						
27.7909	2909.0000						
28.7883	3045.0000						
29.7858	3020.0000						
30.7835	3000.0000						
31.3039	3185.0000						
30.3045	2916.0000						
29.3051	3168.0000						
28.3058	3114.0000						
27.3065	3239.0000						
26.3073	3202.0000						
25.3082	3383.0000						
24.3091	3343.0000						
23.3101	3252.0000						
22.3112	3394.0000						
21.3124	3551.0000						
20.3137	3802.0000						
19.3151	3691.0000						
18.3167	3622.0000						
17.3185	3950.0000						
16.3205	4231.0000						
15.3228	4250.0000						
14.3253	4292.0000						
13.3283	4636.0000						
12.3318	4670.0000						
11.3358	5042.0000						
10.3406	5922.0000						
9.3465	5848.0000						
8.3538	6802.0000						
7.3630	6610.0000						
6.3752	7805.0000						
5.3918	8627.0000						
4.4158	9492.0000						
3.4537	10837.0000						
2.5212	12701.0000						
1.6687	14451.0000						
1.1014	15937.0000						
1.2812	15937.0000						
2.0174	14122.0000						
2.9152	12133.0000						
3.8635	10617.0000						
4.8327	8884.0000						
5.8124	8058.0000						
6.7979	6907.0000						
7.7872	6878.0000						
8.7789	5913.0000						
9.7723	5396.0000						
10.7669	5241.0000						
11.7624	4723.0000						
12.7586	4492.0000						
13.7554	4454.0000						
14.7526	4377.0000						
15.7502	4237.0000						
16.7480	3941.0000						
17.7461	3860.0000						
18.7444	3703.0000						
19.7429	3788.0000						
20.7415	3465.0000						
21.7402	3297.0000						
22.7391	3409.0000						
23.7380	3480.0000						
24.7371	3224.0000						
25.7362	3145.0000						
26.7354	3089.0000						
27.7346	3089.0000						
28.7339	3136.0000						
29.7332	2979.0000						
30.7326	3001.0000						
31.2859	3093.0000						
30.2859	3024.0000						
29.2859	3190.0000						
28.2859	3047.0000						
27.2859	3086.0000						
26.2859	3234.0000						
25.2859	3205.0000						
24.2859	3188.0000						
23.2859	3421.0000						
22.2859	3404.0000						
21.2859	3558.0000						
20.2859	3692.0000						
19.2859	3586.0000						
18.2859	4048.0000						
17.2859	4044.0000						
16.2859	4168.0000						
15.2859	4255.0000						
14.2859	4607.0000						
13.2859	4651.0000						
12.2860	4848.0000						
11.2860	5417.0000						
10.2860	5351.0000						
9.2860	5805.0000						
8.2860	6170.0000						
7.2861	6788.0000						
6.2861	7820.0000						
5.2862	8588.0000						
4.2863	9380.0000						
3.2864	11429.0000						
2.2867	13482.0000						
1.2874	15920.0000						
0.2928	17675.0000						
0.7170	16425.0000						
1.7154	14719.0000						
2.7149	12189.0000						
3.7147	10674.0000						
4.7146	9256.0000						
5.7146	7879.0000						
6.7145	7186.0000						
7.7145	6871.0000						
8.7144	6153.0000						
9.7144	5737.0000						
10.7144	5505.0000						
11.7144	4940.0000						
12.7144	4918.0000						
13.7144	4335.0000						
14.7143	4461.0000						
15.7143	4068.0000						
16.7143	3950.0000						
17.7143	3949.0000						
18.7143	3599.0000						
19.7143	3700.0000						
20.7143	3546.0000						
21.7143	3466.0000						
22.7143	3395.0000						
23.7143	3440.0000						
24.7143	3295.0000						
25.7143	3071.0000						
26.7143	3075.0000						
27.7143	3142.0000						
28.7143	3249.0000						
29.7143	3066.0000						
30.7143	3057.0000						
31.2998	2861.0000						
30.3003	3150.0000						
29.3008	2741.0000						
28.3013	3211.0000						
27.3019	3275.0000						
26.3025	3197.0000						
25.3031	3506.0000						
24.3038	3123.0000						
23.3046	3370.0000						
22.3055	3356.0000						
21.3064	3565.0000						
20.3074	3425.0000						
19.3085	3860.0000						
18.3098	3771.0000						
17.3111	3809.0000						
16.3127	3908.0000						
15.3144	4167.0000						
14.3165	4179.0000						
13.3188	4611.0000						
12.3214	4813.0000						
11.3246	5033.0000						
10.3283	5476.0000						
9.3329	5676.0000						
8.3385	6384.0000						
7.3457	6856.0000						
6.3552	7962.0000						
5.3681	8302.0000						
4.3869	9851.0000						
3.4166	10682.0000						
2.4701	13016.0000						
1.5906	15012.0000						
0.9790	15748.0000						
1.1776	15449.0000						
1.9533	14498.0000						
2.8712	12350.0000						
3.8304	10426.0000						
4.8063	9215.0000						
5.7904	8080.0000						
6.7792	7364.0000						
7.7708	6872.0000						
8.7644	6369.0000						
9.7592	5725.0000						
10.7550	5295.0000						
11.7516	4969.0000						
12.7486	4609.0000						
13.7461	4452.0000						
14.7440	4295.0000						
15.7421	4118.0000						
16.7404	4060.0000						
17.7389	3953.0000						
18.7376	3706.0000						
19.7364	3705.0000						
20.7354	3456.0000						
21.7344	3293.0000						
22.7335	3468.0000						
23.7327	3316.0000						
24.7319	3427.0000						
25.7312	3202.0000						
26.7306	3116.0000						
27.7300	3198.0000						
28.7295	3292.0000						
29.7290	3166.0000						
30.7285	3003.0000						
31.3457	2913.0000						
30.3476	3040.0000						
29.3497	3046.0000						
28.3520	2944.0000						
27.3544	3010.0000						
26.3570	3201.0000						
25.3598	3093.0000						
24.3629	3161.0000						
23.3662	3429.0000						
22.3698	3462.0000						
21.3737	3494.0000						
20.3780	3763.0000						
19.3828	3590.0000						
18.3880	3698.0000						
17.3939	3975.0000						
16.4005	3932.0000						
15.4080	4080.0000						
14.4164	4308.0000						
13.4262	4709.0000						
12.4375	4578.0000						
11.4507	5136.0000						
10.4665	5326.0000						
9.4855	5665.0000						
8.5090	6207.0000						
7.5387	6640.0000						
6.5773	7844.0000						
5.6293	7921.0000						
4.7029	9305.0000						
3.8139	10301.0000						
2.9957	12557.0000						
2.3244	13660.0000						
1.9573	14582.0000						
2.0639	13772.0000						
2.5861	12609.0000						
3.3341	11582.0000						
4.1886	10131.0000						
5.0964	9011.0000						
6.0334	8200.0000						
6.9878	7227.0000						
7.9535	6746.0000						
8.9267	6148.0000						
9.9053	5679.0000						
10.8878	5257.0000						
11.8732	4749.0000						
12.8608	4967.0000						
13.8502	4384.0000						
14.8411	4530.0000						
15.8331	4558.0000						
16.8260	4009.0000						
17.8197	3902.0000						
18.8141	3837.0000						
19.8091	3755.0000						
20.8045	3646.0000						
21.8004	3477.0000						
22.7966	3448.0000						
23.7931	3458.0000						
24.7899	3233.0000						
25.7870	3163.0000						
26.7843	3288.0000						
27.7818	3184.0000						
28.7794	3206.0000						
29.7772	3048.0000						
30.7752	3125.0000						
31.4233	2978.0000						
30.4278	2853.0000						
29.4326	2939.0000						
28.4378	3040.0000						
27.4433	3069.0000						
26.4493	3077.0000						
25.4557	3061.0000						
24.4627	3228.0000						
23.4702	3369.0000						
22.4784	3189.0000						
21.4874	3392.0000						
20.4972	3650.0000						
19.5081	3499.0000						
18.5201	3797.0000						
17.5334	4082.0000						
16.5484	3944.0000						
15.5653	3943.0000						
14.5844	4099.0000						
13.6064	4459.0000						
12.6318	4594.0000						
11.6615	4927.0000						
10.6967	5222.0000						
9.7390	5427.0000						
8.7907	5939.0000						
7.8553	6740.0000						
6.9378	6879.0000						
6.0466	7903.0000						
5.1952	8427.0000						
4.4067	9308.0000						
3.7212	11092.0000						
3.2055	12110.0000						
2.9502	12491.0000						
3.0220	12141.0000						
3.4001	11262.0000						
3.9986	10426.0000						
4.7347	9415.0000						
5.5539	8404.0000						
6.4245	7969.0000						
7.3282	7169.0000						
8.2542	6756.0000						
9.1956	6264.0000						
10.1483	6007.0000						
11.1093	5349.0000						
12.0766	5039.0000						
13.0489	4688.0000						
14.0250	4702.0000						
15.0043	4399.0000						
15.9862	4015.0000						
16.9702	4154.0000						
17.9559	3935.0000						
18.9432	3797.0000						
19.9317	3659.0000						
20.9213	3777.0000						
21.9118	3643.0000						
22.9032	3475.0000						
23.8953	3634.0000						
24.8880	3390.0000						
25.8813	3424.0000						
26.8751	3344.0000						
27.8693	3351.0000						
28.8640	3036.0000						
29.8589	3072.0000						
30.8542	2855.0000						
31.5325	2995.0000						
30.5405	2786.0000						
29.5492	2982.0000						
28.5584	3079.0000						
27.5683	3249.0000						
26.5789	3125.0000						
25.5904	3251.0000						
24.6027	3018.0000						
23.6162	3197.0000						
22.6308	3408.0000						
21.6467	3554.0000						
20.6642	3510.0000						
19.6834	3582.0000						
18.7047	3776.0000						
17.7283	3726.0000						
16.7548	3925.0000						
15.7845	4013.0000						
14.8182	4058.0000						
13.8567	4368.0000						
12.9010	4556.0000						
11.9526	4761.0000						
11.0133	4799.0000						
10.0857	5293.0000						
9.1733	5615.0000						
8.2812	6090.0000						
7.4166	6512.0000						
6.5905	6970.0000						
5.8192	7943.0000						
5.1275	8802.0000						
4.5519	9572.0000						
4.1410	10667.0000						
3.9467	10678.0000						
4.0006	10481.0000						
4.2934	10203.0000						
4.7814	9706.0000						
5.4120	8724.0000						
6.1415	8369.0000						
6.9388	7580.0000						
7.7830	7089.0000						
8.6605	6343.0000						
9.5620	6108.0000						
10.4814	5488.0000						
11.4144	5449.0000						
12.3579	5015.0000						
13.3096	4825.0000						
14.2679	4654.0000						
15.2316	4424.0000						
16.1997	4375.0000						
17.1715	4189.0000						
18.1463	4004.0000						
19.1237	3696.0000						
20.1033	3791.0000						
21.0849	3861.0000						
22.0681	3468.0000						
23.0528	3442.0000						
24.0387	3348.0000						
25.0257	3529.0000						
26.0138	3157.0000						
27.0027	3203.0000						
27.9924	3112.0000						
28.9828	3283.0000						
29.9738	3071.0000						
30.9654	2974.0000						
31.6728	2996.0000						
30.6855	2763.0000						
29.6989	3041.0000						
28.7133	2918.0000						
27.7287	3176.0000						
26.7453	3152.0000						
25.7631	3031.0000						
24.7824	3298.0000						
23.8033	3040.0000						
22.8260	3305.0000						
21.8507	3381.0000						
20.8778	3582.0000						
19.9075	3398.0000						
18.9404	3431.0000						
17.9768	3808.0000						
17.0175	3865.0000						
16.0631	4233.0000						
15.1146	4119.0000						
14.1732	4325.0000						
13.2404	4522.0000						
12.3181	4755.0000						
11.4090	4984.0000						
10.5163	5244.0000						
9.6448	5356.0000						
8.8006	5961.0000						
7.9924	6071.0000						
7.2324	7047.0000						
6.5373	7057.0000						
5.9299	8066.0000						
5.4399	8560.0000						
5.1011	9028.0000						
4.9446	9567.0000						
4.9878	9595.0000						
5.2255	9038.0000						
5.6333	8798.0000						
6.1776	7978.0000						
6.8258	8124.0000						
7.5511	7424.0000						
8.3336	6839.0000						
9.1584	6381.0000						
10.0152	6106.0000						
10.8965	5711.0000						
11.7967	5203.0000						
12.7118	5322.0000						
13.6389	4580.0000						
14.5756	4428.0000						
15.5202	4544.0000						
16.4713	4332.0000						
17.4279	4087.0000						
18.3891	3956.0000						
19.3543	3919.0000						
20.3228	3670.0000						
21.2943	3753.0000						
22.2682	3346.0000						
23.2444	3410.0000						
24.2225	3550.0000						
25.2024	3357.0000						
26.1837	3400.0000						
27.1665	3356.0000						
28.1504	3052.0000						
29.1354	3021.0000						
30.1214	3159.0000						
31.1084	3052.0000						
31.8440	3024.0000						
30.8621	3004.0000						
29.8814	2930.0000						
28.9020	3069.0000						
27.9241	3210.0000						
26.9478	3184.0000						
25.9733	3199.0000						
25.0008	3133.0000						
24.0306	3287.0000						
23.0629	3360.0000						
22.0981	3342.0000						
21.1366	3312.0000						
20.1788	3596.0000						
19.2253	3637.0000						
18.2767	3756.0000						
17.3340	3577.0000						
16.3980	3875.0000						
15.4701	3996.0000						
14.5517	4302.0000						
13.6448	4521.0000						
12.7518	4444.0000						
11.8759	4737.0000						
11.0212	4797.0000						
10.1929	5410.0000						
9.3980	5562.0000						
8.6459	5969.0000						
7.9486	6373.0000						
7.3218	6482.0000						
6.7850	7305.0000						
6.3612	7940.0000						
6.0740	8066.0000						
5.9432	8291.0000						
5.9792	8127.0000						
6.1789	8241.0000						
6.5274	7886.0000						
7.0025	7768.0000						
7.5805	7126.0000						
8.2397	6846.0000						
8.9622	6496.0000						
9.7339	6038.0000						
10.5441	5750.0000						
11.3845	5544.0000						
12.2489	4644.0000						
13.1325	5071.0000						
14.0318	4804.0000						
14.9439	4667.0000						
15.8666	4190.0000						
16.7981	4314.0000						
17.7371	4138.0000						
18.6824	3948.0000						
19.6332	3755.0000						
20.5886	3482.0000						
21.5481	3596.0000						
22.5110	3728.0000						
23.4771	3340.0000						
24.4459	3589.0000						
25.4172	3546.0000						
26.3905	3250.0000						
27.3658	3362.0000						
28.3429	3021.0000						
29.3214	3188.0000						
30.3014	3031.0000						
31.2826	2906.0000						
32.0455	2874.0000						
31.0700	3034.0000						
30.0960	3038.0000						
29.1239	2882.0000						
28.1536	2978.0000						
27.1856	3187.0000						
26.2199	3169.0000						
25.2569	3145.0000						
24.2969	3445.0000						
23.3403	3359.0000						
22.3875	3035.0000						
21.4389	3603.0000						
20.4952	3455.0000						
19.5572	3796.0000						
18.6256	3533.0000						
17.7014	3644.0000						
16.7860	3797.0000						
15.8807	3909.0000						
14.9875	4110.0000						
14.1086	4374.0000						
13.2470	4177.0000						
12.4061	4761.0000						
11.5905	5081.0000						
10.8059	5195.0000						
10.0596	5292.0000						
9.3608	5643.0000						
8.7208	5761.0000						
8.1536	6154.0000						
7.6753	6769.0000						
7.3033	7376.0000						
7.0545	7378.0000						
6.9422	7519.0000						
6.9730	7567.0000						
7.1450	7395.0000						
7.4485	7344.0000						
7.8682	7627.0000						
8.3867	6908.0000						
8.9869	6498.0000						
9.6537	6319.0000						
10.3741	5913.0000						
11.1378	5706.0000						
11.9364	5262.0000						
12.7635	5158.0000						
13.6138	4706.0000						
14.4832	4877.0000						
15.3686	4468.0000						
16.2672	4387.0000						
17.1770	4034.0000						
18.0963	4253.0000						
19.0238	4121.0000						
19.9583	3884.0000						
20.8989	3823.0000						
21.8447	3699.0000						
22.7952	3640.0000						
23.7497	3460.0000						
24.7078	3330.0000						
25.6691	3419.0000						
26.6333	3274.0000						
27.6000	3417.0000						
28.5690	3382.0000						
29.5401	3121.0000						
30.5131	3118.0000						
31.4877	3032.0000						
32.2767	2819.0000						
31.3084	2905.0000						
30.3421	2891.0000						
29.3781	3038.0000						
28.4166	2954.0000						
27.4578	3065.0000						
26.5020	3250.0000						
25.5497	3080.0000						
24.6011	3217.0000						
23.6568	3202.0000						
22.7172	3441.0000						
21.7830	3410.0000						
20.8549	3346.0000						
19.9338	3657.0000						
19.0206	3704.0000						
18.1166	3611.0000						
17.2233	3930.0000						
16.3423	3860.0000						
15.4757	4230.0000						
14.6262	4173.0000						
13.7969	4410.0000						
12.9917	4664.0000						
12.2152	4560.0000						
11.4735	4427.0000						
10.7735	5131.0000						
10.1241	5176.0000						
9.5355	5662.0000						
9.0196	5762.0000						
8.5897	6029.0000						
8.2590	6519.0000						
8.0398	6931.0000						
7.9415	7012.0000						
7.9684	6857.0000						
8.1194	6921.0000						
8.3876	6933.0000						
8.7625	6870.0000						
9.2309	6525.0000						
9.7795	6378.0000						
10.3955	5947.0000						
11.0677	5742.0000						
11.7866	5514.0000						
12.5440	5310.0000						
13.3334	4953.0000						
14.1495	4911.0000						
14.9879	4879.0000						
15.8450	4255.0000						
16.7181	4162.0000						
17.6046	3992.0000						
18.5027	4102.0000						
19.4108	3914.0000						
20.3275	3956.0000						
21.2517	3852.0000						
22.1825	3764.0000						
23.1191	3635.0000						
24.0608	3506.0000						
25.0070	3400.0000						
25.9572	3476.0000						
26.9111	3229.0000						
27.8682	3293.0000						
28.8282	3109.0000						
29.7908	3228.0000						
30.7558	3171.0000						
31.7230	2993.0000						
32.5370	2847.0000						
31.5767	2812.0000						
30.6189	2705.0000						
29.6639	3123.0000						
28.7119	2925.0000						
27.7633	3182.0000						
26.8185	3002.0000						
25.8778	3094.0000						
24.9417	3277.0000						
24.0107	3091.0000						
23.0856	3254.0000						
22.1669	3411.0000						
21.2556	3357.0000						
20.3526	3469.0000						
19.4591	3845.0000						
18.5765	3394.0000						
17.7063	3708.0000						
16.8506	3767.0000						
16.0116	4077.0000						
15.1921	4248.0000						
14.3954	4331.0000						
13.6256	4460.0000						
12.8874	4540.0000						
12.1866	4481.0000						
11.5300	4943.0000						
10.9256	4993.0000						
10.3826	5345.0000						
9.9109	5427.0000						
9.5213	5837.0000						
9.2241	6049.0000						
9.0284	5947.0000						
8.9409	6095.0000						
8.9648	6118.0000						
9.0993	6419.0000						
9.3394	6238.0000						
9.6775	6467.0000						
10.1036	6169.0000						
10.6071	6412.0000						
11.1776	5865.0000						
11.8054	5528.0000						
12.4818	5362.0000						
13.1994	5225.0000						
13.9518	5083.0000						
14.7337	4975.0000						
15.5406	4641.0000						
16.3688	4404.0000						
17.2153	4430.0000						
18.0775	4055.0000						
18.9532	3996.0000						
19.8407	4099.0000						
20.7384	3903.0000						
21.6451	3854.0000						
22.5596	3878.0000						
23.4812	3634.0000						
24.4089	3639.0000						
25.3421	3534.0000						
26.2802	3383.0000						
27.2228	3489.0000						
28.1693	3266.0000						
29.1193	3364.0000						
30.0726	2989.0000						
31.0289	3117.0000						
31.9878	3077.0000						
32.8258	2969.0000						
31.8741	2886.0000						
30.9255	2795.0000						
29.9803	3049.0000						
29.0387	2980.0000						
28.1011	3105.0000						
27.1680	3001.0000						
26.2399	3110.0000						
25.3172	2930.0000						
24.4006	3289.0000						
23.4908	3041.0000						
22.5886	3383.0000						
21.6950	3328.0000						
20.8111	3441.0000						
19.9382	3358.0000						
19.0777	3341.0000						
18.2315	3635.0000						
17.4016	3648.0000						
16.5905	3777.0000						
15.8010	3998.0000						
15.0366	4003.0000						
14.3014	4211.0000						
13.5999	4465.0000						
12.9378	4419.0000						
12.3213	4496.0000						
11.7577	4647.0000						
11.2548	4856.0000						
10.8212	5506.0000						
10.4655	5205.0000						
10.1959	5521.0000						
10.0192	5600.0000						
9.9405	5997.0000						
9.9620	5559.0000						
10.0831	6084.0000						
10.3004	5939.0000						
10.6078	5866.0000						
10.9979	5913.0000						
11.4623	5751.0000						
11.9922	5496.0000						
12.5794	5510.0000						
13.2162	5190.0000						
13.8959	5071.0000						
14.6125	5099.0000						
15.3608	4862.0000						
16.1364	4564.0000						
16.9355	4631.0000						
17.7550	4448.0000						
18.5921	4275.0000						
19.4447	4218.0000						
20.3107	4004.0000						
21.1885	3903.0000						
22.0767	3726.0000						
22.9741	3603.0000						
23.8797	3432.0000						
24.7925	3612.0000						
25.7118	3637.0000						
26.6369	3087.0000						
27.5672	3419.0000						
28.5023	3274.0000						
29.4416	3214.0000						
30.3848	3061.0000						
31.3315	3064.0000						
32.2815	2973.0000						
33.1422	3086.0000						
32.1999	2760.0000						
31.2612	3000.0000						
30.3264	3085.0000						
29.3959	2899.0000						
28.4701	2901.0000						
27.5495	3096.0000						
26.6346	2997.0000						
25.7261	3049.0000						
24.8246	3183.0000						
23.9309	3366.0000						
23.0460	3156.0000						
22.1708	3292.0000						
21.3067	3462.0000						
20.4549	3407.0000						
19.6171	3684.0000						
18.7952	3633.0000						
17.9913	3760.0000						
17.2080	3806.0000						
16.4482	4176.0000						
15.7154	3931.0000						
15.0134	3904.0000						
14.3468	4401.0000						
13.7207	4341.0000						
13.1410	4439.0000						
12.6141	4499.0000						
12.1467	4716.0000						
11.7461	4814.0000						
11.4193	4917.0000						
11.1727	5446.0000						
11.0117	5417.0000						
10.9401	5384.0000						
10.9597	5426.0000						
11.0699	5431.0000						
11.2681	5222.0000						
11.5499	5697.0000						
11.9091	5490.0000						
12.3392	5177.0000						
12.8329	5527.0000						
13.3833	4872.0000						
13.9836	5089.0000						
14.6277	4897.0000						
15.3101	4781.0000						
16.0258	4730.0000						
16.7707	4356.0000						
17.5409	4412.0000						
18.3333	4091.0000						
19.1452	4075.0000						
19.9742	4037.0000						
20.8182	3987.0000						
21.6755	3663.0000						
22.5445	3802.0000						
23.4240	3612.0000						
24.3128	3744.0000						
25.2099	3566.0000						
26.1145	3616.0000						
27.0258	3484.0000						
27.9432	3394.0000						
28.8661	3226.0000						
29.7940	3054.0000						
30.7264	3251.0000						
31.6629	3049.0000						
32.6032	3077.0000						
33.4855	3119.0000						
32.5531	2905.0000						
31.6249	2910.0000						
30.7012	2829.0000						
29.7824	2971.0000						
28.8690	2999.0000						
27.9615	3121.0000						
27.0606	3122.0000						
26.1669	3123.0000						
25.2811	2991.0000						
24.4041	3363.0000						
23.5370	3172.0000						
22.6808	3427.0000						
21.8368	3307.0000						
21.0066	3493.0000						
20.1917	3367.0000						
19.3941	3536.0000						
18.6161	3665.0000						
17.8603	3697.0000						
17.1294	3633.0000						
16.4270	3797.0000						
15.7567	4002.0000						
15.1229	3914.0000						
14.5303	4245.0000						
13.9843	4242.0000						
13.4903	4231.0000						
13.0544	4526.0000						
12.6825	4439.0000						
12.3803	4985.0000						
12.1532	4878.0000						
12.0054	4946.0000						
11.9398	5024.0000						
11.9577	4933.0000						
12.0588	5146.0000						
12.2411	5307.0000						
12.5009	5252.0000						
12.8336	5275.0000						
13.2336	5348.0000						
13.6951	5360.0000						
14.2122	4989.0000						
14.7788	5005.0000						
15.3897	5030.0000						
16.0397	4564.0000						
16.7242	4509.0000						
17.4393	4624.0000						
18.1812	4302.0000						
18.9469	4129.0000						
19.7335	4051.0000						
20.5388	3966.0000						
21.3605	3681.0000						
22.1968	3944.0000						
23.0462	3703.0000						
23.9072	3814.0000						
24.7787	3757.0000						
25.6595	3333.0000						
26.5488	3480.0000						
27.4457	3350.0000						
28.3495	3335.0000						
29.2596	3322.0000						
30.1754	3263.0000						
31.0963	3038.0000						
32.0220	3139.0000						
32.9521	3294.0000						
33.8548	2784.0000						
32.9329	2707.0000						
32.0157	2894.0000						
31.1036	2899.0000						
30.1971	3066.0000						
29.2966	2833.0000						
28.4028	3145.0000						
27.5163	3100.0000						
26.6379	3105.0000						
25.7683	3080.0000						
24.9085	3090.0000						
24.0596	3350.0000						
23.2226	3133.0000						
22.3991	3220.0000						
21.5905	3513.0000						
20.7985	3322.0000						
20.0251	3529.0000						
19.2726	3564.0000						
18.5435	3580.0000						
17.8407	3621.0000						
17.1674	3812.0000						
16.5272	3886.0000						
15.9240	4013.0000						
15.3624	3752.0000						
14.8470	4076.0000						
14.3826	4301.0000						
13.9746	4333.0000						
13.6278	4495.0000						
13.3471	4710.0000						
13.1367	4909.0000						
13.0001	4526.0000						
12.9395	4678.0000						
12.9561	4777.0000						
13.0494	4906.0000						
13.2180	5106.0000						
13.4590	4923.0000						
13.7685	5233.0000						
14.1422	5065.0000						
14.5750	5068.0000						
15.0618	4945.0000						
15.5976	4889.0000						
16.1776	4547.0000						
16.7971	4587.0000						
17.4520	4545.0000						
18.1384	4680.0000						
18.8528	4374.0000						
19.5923	4148.0000						
20.3540	4015.0000						
21.1356	3921.0000						
21.9350	4142.0000						
22.7502	3823.0000						
23.5796	3900.0000						
24.4219	3811.0000						
25.2756	3661.0000						
26.1397	3694.0000						
27.0132	3516.0000						
27.8952	3440.0000						
28.7849	3583.0000						
29.6816	3380.0000						
30.5847	3316.0000						
31.4937	3302.0000						
32.4081	3004.0000						
33.3273	2881.0000						
34.2494	2751.0000						
33.3384	2854.0000						
32.4327	3046.0000						
31.5327	3151.0000						
30.6388	3218.0000						
29.7517	2943.0000						
28.8720	2962.0000						
28.0004	2995.0000						
27.1376	2998.0000						
26.2846	2901.0000						
25.4422	3112.0000						
24.6117	3267.0000						
23.7942	3195.0000						
22.9911	3224.0000						
22.2041	3355.0000						
21.4348	3334.0000						
20.6852	3355.0000						
19.9576	3326.0000						
19.2545	3751.0000						
18.5786	3418.0000						
17.9330	3840.0000						
17.3211	3650.0000						
16.7466	3925.0000						
16.2135	3880.0000						
15.7259	3828.0000						
15.2883	4111.0000						
14.9051	4070.0000						
14.5805	4378.0000						
14.3185	4182.0000						
14.1226	4575.0000						
13.9955	4393.0000						
13.9393	4261.0000						
13.9546	4728.0000						
14.0414	4927.0000						
14.1982	5018.0000						
14.4228	4879.0000						
14.7121	4702.0000						
15.0623	4921.0000						
15.4694	4756.0000						
15.9289	4768.0000						
16.4365	4571.0000						
16.9879	4489.0000						
17.5789	4602.0000						
18.2056	4423.0000						
18.8646	4135.0000						
19.5525	4606.0000						
20.2665	4192.0000						
21.0038	4117.0000						
21.7620	3938.0000						
22.5392	3934.0000						
23.3333	3888.0000						
24.1427	3817.0000						
24.9660	3900.0000						
25.8017	3500.0000						
26.6488	3655.0000						
27.5061	3566.0000						
28.3728	3493.0000						
29.2479	3402.0000						
30.1309	3138.0000						
31.0209	3363.0000						
31.9175	3361.0000						
32.8201	3117.0000						
33.7281	3036.0000						
34.6684	2908.0000						
33.7687	2949.0000						
32.8748	2782.0000						
31.9872	2776.0000						
31.1064	3018.0000						
30.2331	3093.0000						
29.3678	2807.0000						
28.5113	3184.0000						
27.6645	2932.0000						
26.8282	3085.0000						
26.0035	3088.0000						
25.1914	3092.0000						
24.3934	3165.0000						
23.6107	3183.0000						
22.8450	3255.0000						
22.0980	3304.0000						
21.3717	3423.0000						
20.6683	3504.0000						
19.9902	3392.0000						
19.3400	3481.0000						
18.7207	3913.0000						
18.1354	3587.0000						
17.5875	3636.0000						
17.0807	3796.0000						
16.6186	3793.0000						
16.2051	3974.0000						
15.8441	4161.0000						
15.5391	4007.0000						
15.2935	4040.0000						
15.1102	4250.0000						
14.9916	4329.0000						
14.9391	4472.0000						
14.9534	4471.0000						
15.0344	4607.0000						
15.1810	4899.0000						
15.3912	4653.0000						
15.6626	4703.0000						
15.9921	4901.0000						
16.3761	4586.0000						
16.8108	4499.0000						
17.2925	4520.0000						
17.8174	4455.0000						
18.3818	4456.0000						
18.9820	4083.0000						
19.6149	4251.0000						
20.2774	4113.0000						
20.9667	3973.0000						
21.6802	4008.0000						
22.4156	3902.0000						
23.1708	4038.0000						
23.9440	3769.0000						
24.7335	3649.0000						
25.5377	3961.0000						
26.3553	3642.0000						
27.1851	3384.0000						
28.0260	3472.0000						
28.8771	3204.0000						
29.7374	3443.0000						
30.6063	3059.0000						
31.4829	3115.0000						
32.3667	3243.0000						
33.2570	3065.0000						
34.1534	2976.0000						
35.1108	2713.0000						
34.2228	2883.0000						
33.3410	2679.0000						
32.4662	2927.0000						
31.5988	2959.0000						
30.7394	2991.0000						
29.8888	2959.0000						
29.0477	2983.0000						
28.2169	2995.0000						
27.3975	2893.0000						
26.5905	3254.0000						
25.7969	3166.0000						
25.0182	3354.0000						
24.2557	3156.0000						
23.5110	3420.0000						
22.7858	3496.0000						
22.0822	3237.0000						
21.4021	3347.0000						
20.7480	3581.0000						
20.1223	3440.0000						
19.5278	3549.0000						
18.9675	3604.0000						
18.4443	3689.0000						
17.9617	3566.0000						
17.5228	3674.0000						
17.1312	3706.0000						
16.7901	3923.0000						
16.5026	3852.0000						
16.2716	3898.0000						
16.0994	4019.0000						
15.9881	4065.0000						
15.9389	4199.0000						
15.9524	4566.0000						
16.0283	4625.0000						
16.1658	4445.0000						
16.3635	4376.0000						
16.6190	4546.0000						
16.9298	4573.0000						
17.2930	4615.0000						
17.7053	4426.0000						
18.1633	4566.0000						
18.6637	4411.0000						
19.2032	4395.0000						
19.7785	4141.0000						
20.3867	4025.0000						
21.0249	4259.0000						
21.6904	4253.0000						
22.3809	4028.0000						
23.0940	4082.0000						
23.8277	3758.0000						
24.5803	3662.0000						
25.3499	3742.0000						
26.1351	3798.0000						
26.9346	3571.0000						
27.7471	3487.0000						
28.5715	3519.0000						
29.4068	3123.0000						
30.2521	3288.0000						
31.1065	3323.0000						
31.9694	3289.0000						
32.8401	3051.0000						
33.7180	3194.0000						
34.6025	2960.0000						
35.5759	2785.0000						
34.6997	2845.0000						
33.8304	2851.0000						
32.9686	2863.0000						
32.1147	2803.0000						
31.2695	3053.0000						
30.4337	3096.0000						
29.6081	2862.0000						
28.7935	3216.0000						
27.9910	3123.0000						
27.2016	2980.0000						
26.4264	3095.0000						
25.6667	3276.0000						
24.9241	3163.0000						
24.2000	3169.0000						
23.4961	3195.0000						
22.8144	3263.0000						
22.1568	3614.0000						
21.5256	3351.0000						
20.9232	3299.0000						
20.3521	3328.0000						
19.8151	3399.0000						
19.3149	3629.0000						
18.8546	3487.0000						
18.4370	3450.0000						
18.0652	3823.0000						
17.7420	3635.0000						
17.4702	3754.0000						
17.2521	3758.0000						
17.0899	3805.0000						
16.9851	3962.0000						
16.9388	4258.0000						
16.9514	4082.0000						
17.0229	4344.0000						
17.1525	4436.0000						
17.3388	4307.0000						
17.5802	4254.0000						
17.8743	4248.0000						
18.2187	4582.0000						
18.6105	4597.0000						
19.0467	4216.0000						
19.5245	4495.0000						
20.0408	4227.0000						
20.5928	4213.0000						
21.1776	4193.0000						
21.7926	4270.0000						
22.4354	4043.0000						
23.1036	3883.0000						
23.7951	3883.0000						
24.5078	3891.0000						
25.2401	3797.0000						
25.9902	3975.0000						
26.7567	3742.0000						
27.5381	3498.0000						
28.3333	3427.0000						
29.1411	3407.0000						
29.9605	3610.0000						
30.7906	3327.0000						
31.6305	3311.0000						
32.4795	2992.0000						
33.3368	3101.0000						
34.2020	3040.0000						
35.0742	2908.0000						
36.0626	2702.0000						
35.1986	2802.0000						
34.3420	3020.0000						
33.4933	2769.0000						
32.6531	2933.0000						
31.8223	2912.0000						
31.0014	2920.0000						
30.1913	2875.0000						
29.3929	3124.0000						
28.6072	3109.0000						
27.8352	3158.0000						
27.0782	3007.0000						
26.3373	3066.0000						
25.6141	3097.0000						
24.9101	3397.0000						
24.2268	3110.0000						
23.5663	3290.0000						
22.9303	3331.0000						
22.3210	3322.0000						
21.7406	3264.0000						
21.1916	3399.0000						
20.6763	3422.0000						
20.1975	3444.0000						
19.7577	3274.0000						
19.3596	3540.0000						
19.0059	3591.0000						
18.6990	3564.0000						
18.4413	3574.0000						
18.2348	3977.0000						
18.0814	3932.0000						
17.9824	3920.0000						
17.9386	3975.0000						
17.9506	4257.0000						
18.0181	3996.0000						
18.1406	4238.0000						
18.3169	4097.0000						
18.5455	4360.0000						
18.8246	4197.0000						
19.1518	4363.0000						
19.5249	4419.0000						
19.9412	4073.0000						
20.3980	4269.0000						
20.8927	4184.0000						
21.4228	4110.0000						
21.9855	4226.0000						
22.5786	3931.0000						
23.1996	4007.0000						
23.8464	3973.0000						
24.5169	3777.0000						
25.2092	3941.0000						
25.9217	3606.0000						
26.6526	3689.0000						
27.4006	3511.0000						
28.1642	3565.0000						
28.9421	3575.0000						
29.7334	3484.0000						
30.5369	3443.0000						
31.3518	3178.0000						
32.1770	3139.0000						
33.0120	3103.0000						
33.8558	3079.0000						
34.7080	3105.0000						
35.5679	3074.0000						
36.5703	2875.0000						
35.7186	2844.0000						
34.8747	2887.0000						
34.0393	2833.0000						
33.2130	2888.0000						
32.3964	2840.0000						
31.5905	2856.0000						
30.7959	2820.0000						
30.0136	2940.0000						
29.2445	2893.0000						
28.4898	2926.0000						
27.7507	3060.0000						
27.0283	3121.0000						
26.3241	3169.0000						
25.6395	3041.0000						
24.9762	3227.0000						
24.3360	3044.0000						
23.7207	3241.0000						
23.1322	3367.0000						
22.5727	3413.0000						
22.0444	3261.0000						
21.5496	3254.0000						
21.0906	3390.0000						
20.6698	3351.0000						
20.2896	3385.0000						
19.9524	3487.0000						
19.6602	3674.0000						
19.4153	3618.0000						
19.2193	3875.0000						
19.0738	3569.0000						
18.9800	4042.0000						
18.9385	4101.0000						
18.9498	3946.0000						
19.0138	3965.0000						
19.1299	4347.0000						
19.2972	4126.0000						
19.5143	4186.0000						
19.7797	4104.0000						
20.0914	4193.0000						
20.4474	4150.0000						
20.8452	3976.0000						
21.2827	4000.0000						
21.7573	4076.0000						
22.2667	4064.0000						
22.8087	4037.0000						
23.3809	3926.0000						
23.9811	3779.0000						
24.6074	4008.0000						
25.2577	3724.0000						
25.9303	3838.0000						
26.6234	3592.0000						
27.3356	3691.0000						
28.0653	3407.0000						
28.8113	3579.0000						
29.5723	3367.0000						
30.3471	3563.0000						
31.1348	3382.0000						
31.9344	3440.0000						
32.7450	3222.0000						
33.5658	3184.0000						
34.3961	3326.0000						
35.2352	2931.0000						
36.0825	3034.0000						
37.0980	2833.0000						
36.2586	2856.0000						
35.4276	2758.0000						
34.6056	2962.0000						
33.7931	2950.0000						
32.9909	2770.0000						
32.1998	2870.0000						
31.4207	3067.0000						
30.6543	2952.0000						
29.9018	2950.0000						
29.1641	3190.0000						
28.4424	3100.0000						
27.7381	3157.0000						
27.0523	3086.0000						
26.3867	3266.0000						
25.7427	3095.0000						
25.1220	3244.0000						
24.5264	3155.0000						
23.9577	3144.0000						
23.4179	3390.0000						
22.9091	3478.0000						
22.4334	3470.0000						
21.9928	3486.0000						
21.5896	3261.0000						
21.2260	3478.0000						
20.9038	3445.0000						
20.6252	3598.0000						
20.3918	3468.0000						
20.2053	3756.0000						
20.0670	3827.0000						
19.9778	3748.0000						
19.9384	3774.0000						
19.9491	3885.0000						
20.0099	3794.0000						
20.1203	4092.0000						
20.2794	4078.0000						
20.4861	4189.0000						
20.7391	4044.0000						
21.0366	4252.0000						
21.3768	4002.0000						
21.7577	4070.0000						
22.1771	4038.0000						
22.6330	4151.0000						
23.1232	3970.0000						
23.6455	4025.0000						
24.1979	3880.0000						
24.7783	3794.0000						
25.3849	4001.0000						
26.0158	3793.0000						
26.6693	3761.0000						
27.3437	3630.0000						
28.0376	3662.0000						
28.7495	3708.0000						
29.4782	3274.0000						
30.2224	3603.0000						
30.9810	3534.0000						
31.7530	3239.0000						
32.5373	3153.0000						
33.3333	3357.0000						
34.1399	3217.0000						
34.9566	3148.0000						
35.7826	3223.0000						
36.6172	2871.0000						
37.6448	2861.0000						
36.8179	2797.0000						
35.9998	2872.0000						
35.1912	2798.0000						
34.3925	2921.0000						
33.6047	2800.0000						
32.8284	2980.0000						
32.0645	2976.0000						
31.3139	2826.0000						
30.5776	2891.0000						
29.8566	2911.0000						
29.1521	3103.0000						
28.4653	3091.0000						
27.7975	3051.0000						
27.1501	3108.0000						
26.5247	3028.0000						
25.9227	3240.0000						
25.3459	3104.0000						
24.7960	3062.0000						
24.2749	3246.0000						
23.7845	3274.0000						
23.3266	3237.0000						
22.9032	3208.0000						
22.5163	3300.0000						
22.1679	3509.0000						
21.8596	3395.0000						
21.5933	3479.0000						
21.3705	3576.0000						
21.1926	3784.0000						
21.0608	3772.0000						
20.9758	3883.0000						
20.9383	3822.0000						
20.9485	3681.0000						
21.0064	3690.0000						
21.1116	3986.0000						
21.2633	4074.0000						
21.4605	3720.0000						
21.7021	3878.0000						
21.9866	4115.0000						
22.3123	4021.0000						
22.6775	4099.0000						
23.0802	3836.0000						
23.5186	3745.0000						
23.9907	3706.0000						
24.4945	3801.0000						
25.0282	3995.0000						
25.5898	3947.0000						
26.1776	3769.0000						
26.7898	3896.0000						
27.4249	3635.0000						
28.0812	3484.0000						
28.7573	3541.0000						
29.4518	3470.0000						
30.1635	3541.0000						
30.8912	3436.0000						
31.6338	3418.0000						
32.3902	3285.0000						
33.1595	3389.0000						
33.9408	3308.0000						
34.7334	2984.0000						
35.5364	3350.0000						
36.3492	3209.0000						
37.1711	3245.0000						
38.2100	2850.0000						
37.3956	2621.0000						
36.5905	2829.0000						
35.7951	2872.0000						
35.0103	2755.0000						
34.2366	2802.0000						
33.4750	2871.0000						
32.7262	2856.0000						
31.9911	3057.0000						
31.2708	2934.0000						
30.5661	3026.0000						
29.8784	2931.0000						
29.2087	3082.0000						
28.5583	2947.0000						
27.9285	3132.0000						
27.3209	3178.0000						
26.7369	3141.0000						
26.1780	3027.0000						
25.6460	3035.0000						
25.1425	3224.0000						
24.6693	3043.0000						
24.2281	3243.0000						
23.8208	3420.0000						
23.4491	3406.0000						
23.1146	3138.0000						
22.8192	3357.0000						
22.5642	3384.0000						
22.3511	3534.0000						
22.1811	3502.0000						
22.0551	3562.0000						
21.9740	3407.0000						
21.9382	3743.0000						
21.9480	3524.0000						
22.0032	4051.0000						
22.1036	4259.0000						
22.2486	3817.0000						
22.4372	3906.0000						
22.6684	3760.0000						
22.9409	3986.0000						
23.2532	3789.0000						
23.6038	3696.0000						
23.9910	3980.0000						
24.4131	3697.0000						
24.8682	3726.0000						
25.3546	3997.0000						
25.8705	3655.0000						
26.4142	3725.0000						
26.9841	3601.0000						
27.5784	3788.0000						
28.1957	3536.0000						
28.8344	3439.0000						
29.4933	3586.0000						
30.1709	3609.0000						
30.8660	3613.0000						
31.5775	3666.0000						
32.3043	3304.0000						
33.0454	3435.0000						
33.7998	3196.0000						
34.5666	3160.0000						
35.3452	3274.0000						
36.1346	3083.0000						
36.9342	3213.0000						
37.7434	2863.0000						
38.7928	2807.0000						
37.9909	2687.0000						
37.1986	2697.0000						
36.4165	2743.0000						
35.6454	2711.0000						
34.8858	2814.0000						
34.1387	2967.0000						
33.4047	2784.0000						
32.6849	2943.0000						
31.9802	2794.0000						
31.2916	2921.0000						
30.6201	3009.0000						
29.9670	3000.0000						
29.3334	3119.0000						
28.7206	2864.0000						
28.1301	2946.0000						
27.5632	3289.0000						
27.0215	3110.0000						
26.5064	3070.0000						
26.0196	2990.0000						
25.5626	3092.0000						
25.1371	3123.0000						
24.7447	3287.0000						
24.3871	3305.0000						
24.0657	3151.0000						
23.7821	3647.0000						
23.5375	3409.0000						
23.3333	3395.0000						
23.1705	3343.0000						
23.0500	3744.0000						
22.9724	3498.0000						
22.9381	3507.0000						
22.9475	3458.0000						
23.0003	3747.0000						
23.0964	3787.0000						
23.2351	3593.0000						
23.4158	3777.0000						
23.6374	3642.0000						
23.8989	3813.0000						
24.1989	3666.0000						
24.5360	3901.0000						
24.9087	3972.0000						
25.3154	3860.0000						
25.7546	3835.0000						
26.2246	3682.0000						
26.7237	3557.0000						
27.2504	3395.0000						
27.8031	3478.0000						
28.3803	3449.0000						
28.9805	3479.0000						
29.6023	3552.0000						
30.2444	3381.0000						
30.9056	3514.0000						
31.5845	3526.0000						
32.2802	3374.0000						
32.9915	3231.0000						
33.7175	3118.0000						
34.4572	3245.0000						
35.2097	2974.0000						
35.9743	3069.0000						
36.7503	2956.0000						
37.5368	3060.0000						
38.3333	3028.0000						
39.3923	2786.0000						
38.6028	2732.0000						
37.8234	2854.0000						
37.0545	2905.0000						
36.2969	2945.0000						
35.5513	2750.0000						
34.8184	2771.0000						
34.0991	2893.0000						
33.3943	2894.0000						
32.7048	3056.0000						
32.0318	2851.0000						
31.3761	2954.0000						
30.7391	3077.0000						
30.1217	2788.0000						
29.5254	3133.0000						
28.9513	2882.0000						
28.4008	3027.0000						
27.8753	2939.0000						
27.3763	2986.0000						
26.9052	3056.0000						
26.4635	3288.0000						
26.0528	3277.0000						
25.6744	3390.0000						
25.3299	3400.0000						
25.0206	3274.0000						
24.7479	3264.0000						
24.5130	3248.0000						
24.3170	3387.0000						
24.1608	3375.0000						
24.0452	3496.0000						
23.9709	3556.0000						
23.9381	3369.0000						
23.9470	3537.0000						
23.9977	3375.0000						
24.0897	3654.0000						
24.2228	3592.0000						
24.3962	3760.0000						
24.6090	3841.0000						
24.8602	3652.0000						
25.1487	3650.0000						
25.4732	3683.0000						
25.8324	3616.0000						
26.2249	3627.0000						
26.6490	3737.0000						
27.1035	3501.0000						
27.5867	3453.0000						
28.0973	3632.0000						
28.6336	3589.0000						
29.1944	3560.0000						
29.7782	3420.0000						
30.3837	3521.0000						
31.0097	3540.0000						
31.6548	3555.0000						
32.3180	3291.0000						
32.9982	3439.0000						
33.6944	3231.0000						
34.4055	3260.0000						
35.1307	3182.0000						
35.8692	3161.0000						
36.6200	3048.0000						
37.3825	3126.0000						
38.1560	3094.0000						
38.9398	2968.0000						
40.0078	2920.0000						
39.2307	2609.0000						
38.4640	2874.0000						
37.7082	2770.0000						
36.9640	2846.0000						
36.2321	2802.0000						
35.5133	2676.0000						
34.8084	2856.0000						
34.1182	2912.0000						
33.4437	2928.0000						
32.7858	3083.0000						
32.1455	3229.0000						
31.5240	2824.0000						
30.9224	2691.0000						
30.3417	3098.0000						
29.7834	2918.0000						
29.2485	3107.0000						
28.7386	3003.0000						
28.2548	3119.0000						
27.7986	3139.0000						
27.3714	3039.0000						
26.9744	3084.0000						
26.6092	3316.0000						
26.2769	3343.0000						
25.9789	3244.0000						
25.7164	3209.0000						
25.4904	3296.0000						
25.3020	3432.0000						
25.1519	3524.0000						
25.0409	3347.0000						
24.9695	3451.0000						
24.9380	3380.0000						
24.9466	3399.0000						
24.9952	3414.0000						
25.0836	3566.0000						
25.2114	3597.0000						
25.3781	3481.0000						
25.5827	3524.0000						
25.8245	3794.0000						
26.1023	3631.0000						
26.4151	3520.0000						
26.7617	3648.0000						
27.1407	3510.0000						
27.5508	3250.0000						
27.9906	3619.0000						
28.4588	3349.0000						
28.9539	3700.0000						
29.4747	3551.0000						
30.0198	3648.0000						
30.5878	3640.0000						
31.1776	3654.0000						
31.7879	3298.0000						
32.4176	3646.0000						
33.0655	3286.0000						
33.7307	3469.0000						
34.4120	3239.0000						
35.1086	3196.0000						
35.8196	3086.0000						
36.5441	2962.0000						
37.2813	3148.0000						
38.0306	2964.0000						
38.7912	2971.0000						
39.5624	2901.0000						
40.6386	2696.0000						
39.8739	2852.0000						
39.1197	2630.0000						
38.3768	2942.0000						
37.6458	2733.0000						
36.9275	2788.0000						
36.2225	2871.0000						
35.5316	2844.0000						
34.8557	2961.0000						
34.1958	2945.0000						
33.5526	2880.0000						
32.9273	2995.0000						
32.3208	2834.0000						
31.7343	2871.0000						
31.1688	2981.0000						
30.6255	2948.0000						
30.1056	3023.0000						
29.6104	3092.0000						
29.1412	3090.0000						
28.6990	2963.0000						
28.2854	2768.0000						
27.9015	3022.0000						
27.5485	3111.0000						
27.2277	2955.0000						
26.9403	3366.0000						
26.6872	3250.0000						
26.4695	3505.0000						
26.2881	3429.0000						
26.1437	3177.0000						
26.0369	3273.0000						
25.9682	3451.0000						
25.9379	3379.0000						
25.9462	3475.0000						
25.9929	3421.0000						
26.0780	3379.0000						
26.2010	3534.0000						
26.3613	3630.0000						
26.5584	3324.0000						
26.7913	3533.0000						
27.0593	3589.0000						
27.3611	3520.0000						
27.6959	3619.0000						
28.0622	3429.0000						
28.4590	3677.0000						
28.8850	3576.0000						
29.3389	3471.0000						
29.8195	3612.0000						
30.3254	3665.0000						
30.8555	3440.0000						
31.4084	3504.0000						
31.9831	3265.0000						
32.5783	3445.0000						
33.1930	3194.0000						
33.8260	3412.0000						
34.4765	3272.0000						
35.1434	3154.0000						
35.8258	3013.0000						
36.5228	3124.0000						
37.2336	3320.0000						
37.9575	2974.0000						
38.6937	2989.0000						
39.4415	2829.0000						
40.2002	3044.0000						
41.2840	2855.0000						
40.5314	2665.0000						
39.7898	3014.0000						
39.0596	2608.0000						
38.3416	2821.0000						
37.6366	2874.0000						
36.9451	3024.0000						
36.2680	2936.0000						
35.6061	2812.0000						
34.9603	2823.0000						
34.3315	2891.0000						
33.7206	3017.0000						
33.1287	2869.0000						
32.5567	2939.0000						
32.0057	2977.0000						
31.4769	2936.0000						
30.9713	3069.0000						
30.4902	2875.0000						
30.0346	2935.0000						
29.6059	2929.0000						
29.2051	2976.0000						
28.8334	3041.0000						
28.4920	3063.0000						
28.1819	3288.0000						
27.9043	3103.0000						
27.6601	3264.0000						
27.4501	3250.0000						
27.2752	3191.0000						
27.1360	3512.0000						
27.0332	3174.0000						
26.9670	3256.0000						
26.9379	3242.0000						
26.9458	3247.0000						
26.9908	3223.0000						
27.0728	3365.0000						
27.1912	3501.0000						
27.3458	3440.0000						
27.5358	3509.0000						
27.7605	3128.0000						
28.0192	3584.0000						
28.3109	3673.0000						
28.6345	3591.0000						
28.9890	3457.0000						
29.3733	3551.0000						
29.7862	3549.0000						
30.2266	3489.0000						
30.6932	3471.0000						
31.1850	3582.0000						
31.7007	3503.0000						
32.2391	3268.0000						
32.7992	3279.0000						
33.3799	3163.0000						
33.9801	3155.0000						
34.5988	3160.0000						
35.2350	3274.0000						
35.8877	3300.0000						
36.5562	3053.0000						
37.2396	3100.0000						
37.9370	3164.0000						
38.6477	2956.0000						
39.3710	2858.0000						
40.1061	3117.0000						
40.8525	2689.0000						
41.9433	2746.0000						
41.2028	2739.0000						
40.4734	2766.0000						
39.7558	2709.0000						
39.0507	2842.0000						
38.3586	2733.0000						
37.6804	2914.0000						
37.0168	2656.0000						
36.3685	2859.0000						
35.7365	3005.0000						
35.1216	2843.0000						
34.5247	2973.0000						
33.9468	2720.0000						
33.3888	2960.0000						
32.8518	3098.0000						
32.3368	2911.0000						
31.8449	3045.0000						
31.3771	3088.0000						
30.9346	2914.0000						
30.5185	3026.0000						
30.1299	3070.0000						
29.7697	2999.0000						
29.4392	3073.0000						
29.1392	3168.0000						
28.8708	2949.0000						
28.6348	3333.0000						
28.4320	3304.0000						
28.2632	3042.0000						
28.1289	3265.0000						
28.0297	3349.0000						
27.9659	3232.0000						
27.9378	3153.0000						
27.9455	3282.0000						
27.9889	3363.0000						
28.0679	3290.0000						
28.1822	3251.0000						
28.3313	3567.0000						
28.5148	3233.0000						
28.7319	3503.0000						
28.9819	3481.0000						
29.2639	3271.0000						
29.5771	3535.0000						
29.9205	3462.0000						
30.2929	3430.0000						
30.6935	3657.0000						
31.1210	3399.0000						
31.5745	3467.0000						
32.0527	3299.0000						
32.5546	3373.0000						
33.0792	3366.0000						
33.6253	3471.0000						
34.1920	3330.0000						
34.7781	3034.0000						
35.3829	3378.0000						
36.0052	3197.0000						
36.6443	3316.0000						
37.2992	3095.0000						
37.9692	3213.0000						
38.6534	2852.0000						
39.3512	2936.0000						
40.0618	3050.0000						
40.7845	2953.0000						
41.5187	2934.0000						
42.6159	2699.0000						
41.8873	2708.0000						
41.1700	2685.0000						
40.4648	2697.0000						
39.7722	2837.0000						
39.0929	2721.0000						
38.4276	2824.0000						
37.7771	2951.0000						
37.1422	2837.0000						
36.5235	3035.0000						
35.9221	2835.0000						
35.3387	2893.0000						
34.7743	2816.0000						
34.2299	2866.0000						
33.7063	2701.0000						
33.2045	2949.0000						
32.7257	3110.0000						
32.2707	2941.0000						
31.8406	3052.0000						
31.4365	2937.0000						
31.0593	3023.0000						
30.7101	3067.0000						
30.3898	3099.0000						
30.0993	3057.0000						
29.8395	3073.0000						
29.6112	3137.0000						
29.4152	2996.0000						
29.2520	3098.0000						
29.1223	3057.0000						
29.0265	3024.0000						
28.9649	3328.0000						
28.9378	3357.0000						
28.9452	3195.0000						
28.9871	3559.0000						
29.0634	3392.0000						
29.1738	3203.0000						
29.3179	3340.0000						
29.4952	3265.0000						
29.7051	3403.0000						
29.9470	3310.0000						
30.2200	3241.0000						
30.5234	3504.0000						
30.8562	3333.0000						
31.2175	3250.0000						
31.6064	3282.0000						
32.0217	3485.0000						
32.4626	3363.0000						
32.9279	3391.0000						
33.4167	3463.0000						
33.9279	3238.0000						
34.4606	3349.0000						
35.0137	3200.0000						
35.5864	3390.0000						
36.1776	3136.0000						
36.7865	3211.0000						
37.4122	3142.0000						
38.0540	3282.0000						
38.7109	3163.0000						
39.3822	3185.0000						
40.0673	3079.0000						
40.7654	3105.0000						
41.4759	3112.0000						
42.1980	2981.0000						
43.3011	2659.0000						
42.5842	2819.0000						
41.8789	2679.0000						
41.1858	2769.0000						
40.5056	2794.0000						
39.8388	2623.0000						
39.1862	2714.0000						
38.5485	2869.0000						
37.9264	2790.0000						
37.3208	2806.0000						
36.7324	2979.0000						
36.1621	2987.0000						
35.6108	2899.0000						
35.0793	2895.0000						
34.5685	2902.0000						
34.0795	2830.0000						
33.6131	2862.0000						
33.1703	2983.0000						
32.7521	2967.0000						
32.3593	2701.0000						
31.9930	2894.0000						
31.6541	3220.0000						
31.3434	2873.0000						
31.0619	3156.0000						
30.8102	3041.0000						
30.5892	3030.0000						
30.3994	3053.0000						
30.2416	3010.0000						
30.1161	3275.0000						
30.0235	3325.0000						
29.9640	3108.0000						
29.9377	3240.0000						
29.9449	3203.0000						
29.9854	3143.0000						
30.0591	3187.0000						
30.1659	3182.0000						
30.3053	3287.0000						
30.4768	3155.0000						
30.6801	3376.0000						
30.9143	3305.0000						
31.1789	3376.0000						
31.4730	3306.0000						
31.7959	3388.0000						
32.1467	3291.0000						
32.5244	3233.0000						
32.9282	3294.0000						
33.3571	3303.0000						
33.8101	3337.0000						
34.2863	3245.0000						
34.7847	3213.0000						
35.3045	3358.0000						
35.8446	3190.0000						
36.4042	3125.0000						
36.9823	3070.0000						
37.5782	3069.0000						
38.1910	2969.0000						
38.8198	3183.0000						
39.4640	2902.0000						
40.1227	2918.0000						
40.7954	2980.0000						
41.4812	3016.0000						
42.1796	2816.0000						
42.8899	2874.0000						
43.9984	2542.0000						
43.2930	2598.0000						
42.5995	2838.0000						
41.9183	2940.0000						
41.2501	2623.0000						
40.5956	2912.0000						
39.9553	2886.0000						
39.3301	2789.0000						
38.7206	2617.0000						
38.1276	2712.0000						
37.5519	2794.0000						
36.9942	2834.0000						
36.4555	2765.0000						
35.9365	2951.0000						
35.4381	2960.0000						
34.9612	3053.0000						
34.5067	2886.0000						
34.0755	3008.0000						
33.6685	2844.0000						
33.2866	3101.0000						
32.9306	2779.0000						
32.6015	3098.0000						
32.2999	2863.0000						
32.0267	3117.0000						
31.7827	2939.0000						
31.5685	3040.0000						
31.3847	2925.0000						
31.2318	3051.0000						
31.1104	3164.0000						
31.0207	3056.0000						
30.9631	2988.0000						
30.9377	3336.0000						
30.9446	3182.0000						
30.9838	3200.0000						
31.0552	3269.0000						
31.1585	3171.0000						
31.2935	3172.0000						
31.4597	3139.0000						
31.6566	3396.0000						
31.8836	3315.0000						
32.1402	3382.0000						
32.4257	3342.0000						
32.7392	3224.0000						
33.0799	3285.0000						
33.4471	3096.0000						
33.8399	3190.0000						
34.2573	3549.0000						
34.6986	3265.0000						
35.1628	3270.0000						
35.6490	3297.0000						
36.1563	3001.0000						
36.6839	3081.0000						
37.2309	3259.0000						
37.7964	3026.0000						
38.3796	3095.0000						
38.9798	3113.0000						
39.5961	3185.0000						
40.2278	3040.0000						
40.8743	2993.0000						
41.5347	2982.0000						
42.2086	3041.0000						
42.8951	2974.0000						
43.5938	3011.0000						