_RAJ2000	_DEJ2000	UCAC4	RAJ2000	DEJ2000	ePos	f.mag	of	db	pmRA	pmDE	Jmag	Kmag	Bmag	Vmag	rmag	imag	H	A	b	h	Z	B	L	N	S
092.015012700	+24.398978900	572-024353	092.0150127	+24.3989789	218	16.173	5	0			13.694	12.846					0	0	0	0	0	0	0	0	0
092.016348000	+24.393440000	572-024355	092.0163480	+24.3934400	50	14.448	0	0	-8.6	34.2	13.168	12.604	15.748	14.827	14.498	14.689	0	0	0	0	0	0	0	1	0
092.016603000	+24.386617000	572-024356	092.0166030	+24.3866170	50	11.945	0	0	-0.1	-4.6	11.399	11.279	12.127	11.880	11.912	12.525	3	1	0	1	1	0	0	1	0
092.022375600	+24.386195000	572-024362	092.0223756	+24.3861950	378	16.247	0	0	29.8	-16.0	14.529	14.178					0	0	0	0	0	0	0	3	0
092.022495900	+24.362837300	572-024363	092.0224959	+24.3628373	24	13.288	0	0	-4.5	-3.9	12.637	12.479	13.656	13.334	13.319	13.879	0	1	0	0	1	0	0	1	0
092.023779200	+24.371602000	572-024365	092.0237792	+24.3716020	37	14.231	0	0	-3.5	-2.6	12.482	11.796					0	0	0	0	1	0	0	1	0
092.025490000	+24.374732300	572-024367	092.0254900	+24.3747323	128	13.588	0	0	4.7	-0.9	11.844	11.148	15.077	13.950	13.553	13.139	0	0	0	0	1	0	0	1	0
092.025818000	+24.377272800	572-024368	092.0258180	+24.3772728	87	14.707	5	0			13.573	13.148					0	0	0	0	0	0	0	0	0
092.026604800	+24.386638100	572-024370	092.0266048	+24.3866381	39	14.387	0	0	21.7	-4.6	13.022	12.490	15.473	14.675	14.337	14.651	0	0	0	0	0	0	0	1	0
092.026670600	+24.396053100	572-024371	092.0266706	+24.3960531	61	14.246	0	0	-6.6	-5.0	13.189	12.905					0	0	0	0	1	0	0	1	0
092.028463300	+24.391645000	572-024372	092.0284633	+24.3916450	97	15.112	0	0	5.3	-5.7	14.272	13.862					0	0	0	0	0	0	0	1	0
092.030892400	+24.365335600	572-024375	092.0308924	+24.3653356	53	14.912	0	0	3.2	-6.4	12.988	12.221	16.558	15.415	14.817		0	0	0	0	0	0	0	3	0
092.031295600	+24.394830900	572-024376	092.0312956	+24.3948309	83	13.694	0	0	3.3	-1.9	12.667	12.336					0	0	0	0	1	0	0	1	0
092.031617700	+24.376342800	572-024377	092.0316177	+24.3763428	90	15.424	0	0	5.3	-1.8	14.245	13.693					0	0	0	0	0	0	0	1	0
092.033150000	+24.342429500	572-024379	092.0331500	+24.3424295	127	15.434	0	0	4.0	-1.9	14.762	14.469	16.268	15.662	15.559		0	0	0	0	0	0	0	1	0
092.035500900	+24.373151200	572-024380	092.0355009	+24.3731512	81	15.625	0	0	1.8	1.1	14.323	14.025					0	0	0	0	0	0	0	1	0
092.039990900	+24.398574800	572-024383	092.0399909	+24.3985748	106	15.949	0	0	-1.2	1.8	14.663	14.458	16.679	15.974	15.772		0	0	0	0	0	0	0	1	0
092.041287400	+24.360112300	572-024384	092.0412874	+24.3601123	87	14.590	0	0	-2.5	17.0	13.447	12.950	15.805	15.061	14.734	14.526	0	0	0	0	0	0	0	1	0
092.041376500	+24.351805300	572-024385	092.0413765	+24.3518053	96	15.097	5	0			13.259	12.555					0	0	0	0	0	0	0	0	0
092.041554200	+24.350170900	572-024386	092.0415542	+24.3501709	145	14.376	0	0	-1.9	-11.5	12.712	12.065					0	0	0	0	8	0	0	8	0
092.043711200	+24.354028400	572-024387	092.0437112	+24.3540284	88	13.847	0	0	2.5	-2.8	12.969	12.691					0	0	0	0	1	0	0	1	0
092.047238000	+24.356134200	572-024393	092.0472380	+24.3561342	82	15.416	0	0	8.9	4.0	14.279	13.849					0	0	0	0	0	0	0	1	0
092.049372400	+24.393613400	572-024395	092.0493724	+24.3936134	38	14.333	0	0	3.9	-2.9	13.454	13.278	14.706	14.322	14.246	14.564	0	0	0	0	1	0	0	1	0
092.050011500	+24.333479800	572-024396	092.0500115	+24.3334798	55	12.682	0	0	-0.9	-4.8	11.872	11.667	13.209	12.759	12.669	13.194	0	1	0	1	1	0	0	1	0
092.050224500	+24.357417300	572-024397	092.0502245	+24.3574173	92	15.588	0	0	13.5	5.5	14.004	13.485					0	0	0	0	0	0	0	1	0
092.052609800	+24.326631700	572-024399	092.0526098	+24.3266317	125	15.462	0	0	10.2	-4.7	14.230	13.618					0	0	0	0	0	0	0	1	0
092.053517100	+24.339991200	572-024403	092.0535171	+24.3399912	108	14.831	0	0	-3.5	6.1	14.724	14.278					0	0	0	0	0	0	0	3	0
092.054957400	+24.367663900	572-024404	092.0549574	+24.3676639	173	15.739	0	0	3.8	-8.2	14.722	14.474					0	0	0	0	0	0	0	1	0
092.059777400	+24.388864800	572-024407	092.0597774	+24.3888648	276	16.153	0	0	-8.3	-6.7	15.181	14.494					0	0	0	0	0	0	0	1	0
092.060109200	+24.312169800	572-024409	092.0601092	+24.3121698	103	15.014	0	0	9.9	4.2	14.194	13.702	16.242	15.522	15.315		0	0	0	0	0	0	0	1	0
092.062858000	+24.336968400	572-024413	092.0628580	+24.3369684	47	14.696	0	0	-5.4	1.6	13.779	13.474	15.331	14.838	14.677	14.655	0	0	0	0	0	0	0	1	0
092.066304200	+24.397604800	572-024418	092.0663042	+24.3976048	77	14.490	8	0	-107.5	-51.0							0	0	0	0	0	0	0	1	0
092.067723300	+24.308530300	572-024419	092.0677233	+24.3085303	35	12.948	0	0	0.5	-2.1	11.042	10.300	14.560	13.330	12.900	12.977	0	0	0	0	1	0	0	3	0
092.067937100	+24.377233900	572-024420	092.0679371	+24.3772339	180	16.159	0	0	-1.4	-2.1	14.620	13.969					0	0	0	0	0	0	0	1	0
092.070754200	+24.307628700	572-024421	092.0707542	+24.3076287	316	15.760	0	0	-11.5	-6.6	14.815	14.317					0	0	0	0	0	0	0	3	0
092.072539800	+24.329074500	572-024422	092.0725398	+24.3290745	36	11.350	0	0	2.8	-3.3	10.870	10.746	11.497	11.289	11.338	11.949	3	1	0	1	1	0	0	1	0
092.072879800	+24.319415000	572-024423	092.0728798	+24.3194150	75	14.620	0	0	-1.4	-2.9	13.859	13.664					0	0	0	0	1	0	0	1	0
092.076260000	+24.321400600	572-024428	092.0762600	+24.3214006	278	15.851	5	0			14.547	14.033					0	0	0	0	0	0	0	0	0
092.076662700	+24.346854500	572-024429	092.0766627	+24.3468545	125	14.975	0	0	7.8	5.4	14.948	14.429	17.561	16.492	16.338		0	0	0	0	0	0	0	1	0
092.078442100	+24.321926400	572-024430	092.0784421	+24.3219264	88	13.510	0	0	6.3	-5.4	10.918	9.801					0	0	0	0	1	0	0	7	0
092.079848300	+24.367485300	572-024433	092.0798483	+24.3674853	39	12.721	0	0	0.1	6.1	9.865	8.729					0	0	0	0	1	0	0	1	0
092.080428300	+24.325016200	572-024434	092.0804283	+24.3250162	57	14.569	0	0	4.5	-1.9	12.662	11.888					0	0	0	0	0	0	0	1	0
092.081464800	+24.294382000	572-024435	092.0814648	+24.2943820	140	15.719	0	0	1.5	-2.7	14.836	14.416					0	0	0	0	0	0	0	1	0
092.083647100	+24.386135300	572-024437	092.0836471	+24.3861353	136	15.320	0	0	-5.6	1.0	14.501	14.337	15.982	15.506	15.483		0	0	0	0	0	0	0	1	0
092.084048900	+24.364292500	572-024438	092.0840489	+24.3642925	49	14.610	0	35	-26.7	-7.2	13.330	12.954					0	0	0	0	0	0	0	8	0
092.084668000	+24.359597000	572-024439	092.0846680	+24.3595970	170	16.031	0	0	0.2	-3.6	14.967	14.461					0	0	0	0	0	0	0	1	0
092.085223900	+24.364822300	572-024440	092.0852239	+24.3648223	115	15.394	5	35			14.085	13.581					0	0	0	0	0	0	0	0	0
092.087794500	+24.358098900	572-024441	092.0877945	+24.3580989	77	15.583	0	0	0.3	-6.9	13.972	13.477	16.382	15.418	15.316		0	0	0	0	0	0	0	1	0
092.089238900	+24.363994500	572-024442	092.0892389	+24.3639945	70	13.126	0	0	4.2	1.7	12.053	11.652	13.998	13.341	13.172	13.545	0	0	0	0	1	0	0	1	0
092.092734800	+24.341149500	572-024444	092.0927348	+24.3411495	49	14.468	0	0	-3.9	-8.0	13.353	13.010					0	0	0	0	1	0	0	0	0
092.093817700	+24.346181200	572-024447	092.0938177	+24.3461812	67	12.198	0	0	1.7	-5.0	11.638	11.516	12.462	12.160	12.178	12.702	3	1	0	1	1	0	0	1	0
092.094715000	+24.351868900	572-024449	092.0947150	+24.3518689	158	14.330	0	0	0.5	4.0	13.454	13.188					0	0	0	0	1	0	0	1	0
092.094788300	+24.399258700	572-024450	092.0947883	+24.3992587	77	13.162	0	0	-3.0	-13.1	11.377	10.719	14.681	13.511	13.120	13.204	0	0	0	0	1	0	0	1	0
092.096789800	+24.388296700	572-024452	092.0967898	+24.3882967	92	12.768	0	0	-4.3	-4.9	12.017	11.838	13.331	12.874	12.798	13.314	0	1	0	1	1	0	0	1	0
092.099117400	+24.364690300	572-024453	092.0991174	+24.3646903	51	13.940	0	0	-4.3	-2.0	12.037	11.291	15.707	14.367	13.903	14.147	0	0	0	0	1	0	0	1	0
092.099507400	+24.328351400	572-024454	092.0995074	+24.3283514	119	14.709	0	0	4.8	3.9	13.381	12.777	16.115	15.028	14.730	14.933	0	0	0	0	0	0	0	1	0
092.099814800	+24.382347000	572-024455	092.0998148	+24.3823470	160	16.143	0	0	2.0	4.8	14.826	14.736					0	0	0	0	0	0	0	1	0
092.100628600	+24.312797300	572-024457	092.1006286	+24.3127973	88	15.103	0	0	-2.7	5.5	14.186	13.818	15.839	15.282	15.180		0	0	0	0	0	0	0	1	0
092.101830600	+24.296161400	572-024461	092.1018306	+24.2961614	60	14.633	0	0	-6.1	-2.9	13.600	13.193	15.615	14.932	14.734	15.357	0	0	0	0	1	0	0	1	0
092.102993300	+24.320587800	572-024463	092.1029933	+24.3205878	137	15.668	0	0	-6.6	-2.7	14.887	14.405					0	0	0	0	0	0	0	1	0
092.103968600	+24.389750000	572-024466	092.1039686	+24.3897500	108	14.735	5	0			14.179	13.866					0	0	0	0	0	0	0	0	0
092.105363900	+24.356131200	572-024467	092.1053639	+24.3561312	123	16.009	0	0	-10.8	-4.8	13.318	12.370					0	0	0	0	0	0	0	1	0
092.106607100	+24.393343100	572-024469	092.1066071	+24.3933431	71	11.999	0	0	0.1	-3.8	11.390	11.230	12.270	11.969	11.987	12.578	3	1	0	1	1	0	0	1	0
092.106660600	+24.301356700	572-024471	092.1066606	+24.3013567	25	13.335	0	0	-0.8	-2.4	12.888	12.803	13.657	13.389	13.422	14.094	0	1	0	0	1	0	0	1	0
092.108018300	+24.316932800	572-024472	092.1080183	+24.3169328	151	16.106	0	0	-14.8	-18.5	14.754	14.247					0	0	0	0	0	0	0	1	0
092.109761200	+24.297816700	572-024474	092.1097612	+24.2978167	95	15.357	0	0	-6.4	-18.4	13.993	13.418					0	0	0	0	0	0	0	1	0
092.112998000	+24.321826400	572-024478	092.1129980	+24.3218264	35	11.607	0	0	6.8	3.4	10.521	10.149	12.384	11.716	11.541	12.064	0	1	0	1	1	0	0	1	0
092.113008900	+24.328789800	572-024479	092.1130089	+24.3287898	25	10.175	0	0	-2.0	-3.0	9.919	9.913	10.159	10.071	10.154	10.606	3	1	0	1	1	0	0	3	0
092.113038000	+24.354443700	572-024480	092.1130380	+24.3544437	102	15.838	0	0	-23.4	32.3	14.453	14.123	16.483	15.747	15.631		0	0	0	0	0	0	0	1	0
092.113168000	+24.335058400	572-024481	092.1131680	+24.3350584	25	10.882	0	0	1.7	-3.8	10.387	10.276	11.009	10.812	10.864	11.476	3	1	0	1	1	0	0	3	0
092.113512700	+24.304388700	572-024482	092.1135127	+24.3043887	181	16.148	9	0	79.7	104.6	14.392	13.897					0	0	0	0	0	0	0	1	0
092.114375300	+24.393927300	572-024483	092.1143753	+24.3939273	177	15.979	0	0	7.6	-11.6	14.689	14.077					0	0	0	0	0	0	0	1	0
092.116020300	+24.290863900	572-024485	092.1160203	+24.2908639	124	15.766	0	0	6.7	-2.7	14.329	13.831					0	0	0	0	0	0	0	1	0
092.119182400	+24.315463400	572-024487	092.1191824	+24.3154634	29	12.477	0	0	0.5	-4.2	11.762	11.584					0	5	0	5	1	0	0	0	0
092.119975600	+24.311379800	572-024488	092.1199756	+24.3113798	26	11.978	0	0	0.6	-2.2	11.445	11.328	11.699	11.357			3	3	0	3	1	0	0	0	0
092.122213300	+24.347250900	572-024490	092.1222133	+24.3472509	29	12.263	0	0	2.0	-3.6	11.642	11.519	12.544	12.219	12.223	12.766	0	1	0	1	1	0	0	1	0
092.122623900	+24.363025000	572-024491	092.1226239	+24.3630250	31	12.618	0	0	0.8	-6.4	11.718	11.480	13.210	12.700	12.609	13.082	0	1	0	0	1	0	0	0	0
092.123160300	+24.284777500	572-024493	092.1231603	+24.2847775	108	16.013	0	0	19.5	12.7	14.169	13.588	16.649	15.710	15.457		0	0	0	0	0	0	0	3	0
092.123565600	+24.338215300	572-024496	092.1235656	+24.3382153	121	15.762	5	0			14.482	14.117					0	0	0	0	0	0	0	0	0
092.124769200	+24.315846200	572-024497	092.1247692	+24.3158462	139	14.661	5	0			13.307	12.815					0	0	0	0	0	0	0	0	0
092.125546800	+24.370560300	572-024498	092.1255468	+24.3705603	57	13.159	0	0	0.9	-2.6	14.435	13.860					0	0	0	0	0	0	0	1	0
092.126199200	+24.314062000	572-024499	092.1261992	+24.3140620	107	15.561	5	0			14.117	13.710					0	0	0	0	0	0	0	0	0
092.127010900	+24.306305000	572-024501	092.1270109	+24.3063050	226	16.153	0	0	13.5	-2.9	15.024	14.680					0	0	0	0	0	0	0	1	0
092.127835600	+24.300973400	572-024503	092.1278356	+24.3009734	45	14.674	0	0	3.2	-21.5	13.184	12.535	15.697	14.661	14.325	14.146	0	0	0	0	0	0	0	1	0
092.128112400	+24.360662000	572-024504	092.1281124	+24.3606620	173	16.018	5	0			14.646	14.355					0	0	0	0	0	0	0	0	0
092.128425000	+24.298550900	572-024505	092.1284250	+24.2985509	64	14.954	0	0	-7.6	-21.1	13.752	13.226	15.697	14.661	14.325	14.146	0	0	0	0	0	0	0	1	0
092.128471200	+24.371479800	572-024506	092.1284712	+24.3714798	156	15.834	0	0	-19.2	7.8	14.306	13.735					0	0	0	0	0	0	0	1	0
092.129270000	+24.398932500	572-024509	092.1292700	+24.3989325	215	16.175	0	0	42.7	-34.5	13.698	12.834	18.268	16.595	16.036		0	0	0	0	0	0	0	1	0
092.131302400	+24.364722000	572-024510	092.1313024	+24.3647220	26	10.905	0	0	-0.5	-4.9	10.378	10.316	11.062	10.831	10.880	11.498	3	1	0	1	1	0	0	1	0
092.132041500	+24.384912000	572-024512	092.1320415	+24.3849120	167	16.004	0	0	13.2	14.3	14.444	13.984					0	0	0	0	0	0	0	1	0
092.133026800	+24.318985300	572-024513	092.1330268	+24.3189853	1200	16.111	0	0	-0.3	2.3	15.388	14.861					0	0	0	0	0	0	0	1	0
092.134019800	+24.343387300	572-024514	092.1340198	+24.3433873	144	15.902	5	0			14.172	13.615					0	0	0	0	0	0	0	0	0
092.134073300	+24.379963900	572-024515	092.1340733	+24.3799639	60	14.630	0	0	27.3	11.9	13.580	13.239	15.851	15.131	14.789		0	0	0	0	0	0	0	1	0
092.134077400	+24.356608400	572-024516	092.1340774	+24.3566084	26	10.432	0	0	-0.6	-5.2	10.019	9.971	10.532	10.357	10.422	10.848	3	1	0	1	1	0	0	0	0
092.134918600	+24.341349500	572-024518	092.1349186	+24.3413495	119	15.532	8	15	-64.5	-89.0							0	0	0	0	0	0	0	2	0
092.138215600	+24.320343700	572-024520	092.1382156	+24.3203437	96	14.950	5	0			13.694	13.219					0	0	0	0	0	0	0	0	0
092.139986200	+24.320377800	572-024523	092.1399862	+24.3203778	125	13.883	0	0	6.6	1.8	13.125	12.917	14.130	13.683	13.623	14.018	0	0	0	0	8	0	0	8	0
092.140767100	+24.325103700	572-024525	092.1407671	+24.3251037	89	15.664	0	0	8.4	9.4	14.765	14.582					0	0	0	0	0	0	0	1	0
092.140945000	+24.282825000	572-024526	092.1409450	+24.2828250	37	11.745	0	35	2.1	-3.5	11.222	11.138	11.905	11.646	11.676	12.270	3	8	0	8	2	0	0	4	0
092.142238300	+24.277735000	572-024527	092.1422383	+24.2777350	35	12.869	0	0	1.0	-3.5	12.024	11.798					0	1	0	1	1	0	0	1	0
092.142739200	+24.359971400	572-024528	092.1427392	+24.3599714	241	15.503	0	0	17.5	1.2	13.909	13.225					0	0	0	0	0	0	0	1	0
092.143169200	+24.373177300	572-024530	092.1431692	+24.3731773	126	13.110	0	0	61.7	57.2							0	0	0	0	0	0	0	1	0
092.143582400	+24.282648900	572-024531	092.1435824	+24.2826489	96	14.630	5	35			13.723	13.452					0	0	0	0	0	0	0	0	0
092.146338000	+24.326487000	572-024532	092.1463380	+24.3264870	218	14.877	0	0	0.3	0.0	14.550	14.165	16.933	15.999	15.820		0	0	0	0	0	0	0	1	0
092.146592700	+24.389145000	572-024533	092.1465927	+24.3891450	269	16.310	0	0	6.4	-4.6	15.052	14.755	17.021	16.313	16.258		0	0	0	0	0	0	0	1	0
092.146697100	+24.306660600	572-024534	092.1466971	+24.3066606	25	13.516	0	0	-4.1	-8.4	11.983	11.362	14.896	13.848	13.457	13.647	0	0	0	0	1	0	0	3	0
092.146735600	+24.287583900	572-024535	092.1467356	+24.2875839	155	15.760	0	0	17.7	4.6	14.378	13.651					0	0	0	0	0	0	0	1	0
092.147525000	+24.333175000	572-024537	092.1475250	+24.3331750	246	16.197	0	0	2.7	0.2	14.566	13.810					0	0	0	0	0	0	0	1	0
092.151691500	+24.343942300	572-024544	092.1516915	+24.3439423	35	12.371	0	0	-2.0	-4.4	11.445	11.221	12.942	12.447	12.351	12.787	3	1	0	1	1	0	0	1	0
092.153424200	+24.362081400	572-024545	092.1534242	+24.3620814	25	12.020	0	0	0.2	-4.9	11.080	10.870	12.599	12.094	12.008	12.474	3	1	0	1	1	0	0	1	0
092.155372400	+24.371613400	572-024550	092.1553724	+24.3716134	122	15.717	0	0	12.7	24.8	14.052	13.536					0	0	0	0	0	0	0	1	0
092.155516500	+24.300749500	572-024551	092.1555165	+24.3007495	41	11.801	0	0	0.1	-4.7	11.239	11.121	12.048	11.809	11.827	12.440	0	1	0	1	1	0	0	1	0
092.155624200	+24.306451200	572-024552	092.1556242	+24.3064512	33	12.806	0	0	0.4	1.5	11.925	11.647	13.428	12.868	12.746	13.804	0	1	0	1	1	0	0	1	0
092.155796200	+24.365900000	572-024553	092.1557962	+24.3659000	47	14.020	0	0	-18.3	-71.1	12.418	11.725					0	0	0	0	1	0	0	0	0
092.158860300	+24.358693900	572-024554	092.1588603	+24.3586939	93	14.820	0	0	8.9	-4.3	13.953	13.652					0	0	0	0	0	0	0	1	0
092.158883000	+24.314992300	572-024555	092.1588830	+24.3149923	69	14.625	0	0	4.1	7.9	13.976	13.750	15.148	14.772	14.718	14.780	0	0	0	0	0	0	0	1	0
092.158992100	+24.370514200	572-024556	092.1589921	+24.3705142	73	13.663	0	0	8.3	-5.1	12.775	12.428	14.839	14.068	13.847	14.233	0	0	0	0	1	0	0	1	0
092.160989200	+24.374738700	572-024560	092.1609892	+24.3747387	181	15.508	0	0	2.2	-1.8	14.570	14.177	16.699	16.510			0	0	0	0	0	0	0	1	0
092.161342100	+24.281278700	572-024561	092.1613421	+24.2812787	43	13.879	0	0	3.2	-2.0	12.860	12.485	14.794	14.140	13.911	13.779	0	0	0	0	1	0	0	1	0
092.161560300	+24.298497300	572-024562	092.1615603	+24.2984973	26	11.422	0	0	1.6	-3.5	10.811	10.664	11.679	11.402	11.412	11.988	3	1	0	1	1	0	0	1	0
092.164228600	+24.383434800	572-024565	092.1642286	+24.3834348	25	12.439	0	0	-0.7	-2.9	11.679	11.532	12.894	12.461	12.438	12.836	0	7	0	7	1	0	0	0	0
092.164447700	+24.380095000	572-024566	092.1644477	+24.3800950	106	13.500	0	0	3.0	6.1	12.406	12.047					0	0	0	0	1	0	0	1	0
092.164976800	+24.319940000	572-024567	092.1649768	+24.3199400	204	16.051	9	0	0.3	-84.2							0	0	0	0	0	0	0	1	0
092.165405300	+24.332229800	572-024568	092.1654053	+24.3322298	54	14.692	0	34	-6.5	9.8	13.161	12.724	16.294	14.985	14.558		0	0	0	0	0	0	0	4	0
092.166337400	+24.322751700	572-024569	092.1663374	+24.3227517	81	15.351	0	0	72.3	-45.2							0	0	0	0	0	0	0	5	0
092.166990300	+24.353726400	572-024570	092.1669903	+24.3537264	72	14.086	0	0	-1.8	0.3	12.578	12.119					0	0	0	0	1	0	0	1	0
092.167504800	+24.375070300	572-024572	092.1675048	+24.3750703	57	12.234	0	0	-0.2	-1.9	11.488	11.321	12.660	12.250	12.223	12.736	0	1	0	1	1	0	0	1	0
092.167691200	+24.370788900	572-024573	092.1676912	+24.3707889	138	15.617	5	0			13.812	13.290	16.656	15.772	15.780	16.675	0	0	0	0	0	0	0	0	0
092.167970300	+24.327448900	572-024574	092.1679703	+24.3274489	155	15.558	0	0	-12.4	-43.1	13.899	13.548					0	0	0	0	0	0	0	1	0
092.170815900	+24.328776200	572-024578	092.1708159	+24.3287762	110	15.707	0	0	24.1	4.0	14.613	14.295					0	0	0	0	0	0	0	1	0
092.170915000	+24.358607500	572-024579	092.1709150	+24.3586075	40	12.020	0	0	-1.4	-3.5	11.154	10.952	12.474	12.053	11.995	12.479	0	1	0	1	1	0	0	0	0
092.171120000	+24.289032300	572-024580	092.1711200	+24.2890323	135	14.742	5	0			14.217	13.647					0	0	0	0	0	0	0	0	0
092.172421500	+24.389335600	572-024583	092.1724215	+24.3893356	87	14.404	0	0	-2.9	-6.0	13.142	12.686	15.769	14.830	14.496	14.944	0	0	0	0	0	0	0	1	0
092.172934200	+24.325730600	572-024584	092.1729342	+24.3257306	132	15.579	0	0	0.7	-3.1	14.418	14.094					0	0	0	0	0	0	0	1	0
092.174175300	+24.284470600	572-024586	092.1741753	+24.2844706	41	14.611	0	0	7.7	-2.4	13.349	12.897	15.700	14.842	14.560		0	0	0	0	1	0	0	0	0
092.174260900	+24.317879800	572-024587	092.1742609	+24.3178798	105	14.474	0	0	6.4	-72.4							0	0	0	0	0	0	0	1	0
092.175274800	+24.319724800	572-024589	092.1752748	+24.3197248	150	14.713	0	0	73.2	60.9							0	0	0	0	0	0	0	1	0
092.177280900	+24.299267000	572-024591	092.1772809	+24.2992670	25	10.231	0	35	0.6	-4.2	9.904	9.889	10.346	10.175	10.219	10.623	3	8	0	8	2	0	0	0	0
092.178433000	+24.301582300	572-024593	092.1784330	+24.3015823	33	13.566	0	35	7.0	6.2	11.538	10.823					0	0	0	0	2	0	0	0	0
092.179438900	+24.395253400	572-024595	092.1794389	+24.3952534	20	11.048	0	0	1.6	-3.5	10.525	10.463	11.261	11.013	11.050	11.645	3	1	0	1	1	0	0	0	0
092.179580900	+24.318797300	572-024596	092.1795809	+24.3187973	25	11.770	0	0	-0.5	-4.0	10.990	10.792	12.252	11.820	11.775	12.277	3	1	0	1	1	0	0	1	0
092.181514500	+24.331335000	572-024598	092.1815145	+24.3313350	291	16.437	0	0	34.9	0.9	15.195	14.759					0	0	0	0	0	0	0	1	0
092.182758600	+24.286539800	572-024600	092.1827586	+24.2865398	30	14.123	0	0	2.3	-6.0	12.874	12.452	15.335	14.451	14.195	15.107	0	0	0	0	1	0	0	0	0
092.182781500	+24.333409200	572-024601	092.1827815	+24.3334092	188	15.029	0	0	6.0	10.4	14.678	14.588					0	0	0	0	0	0	0	1	0
092.183613300	+24.293301700	572-024602	092.1836133	+24.2933017	69	14.043	0	0	5.0	-4.3	12.635	12.209					0	0	0	0	1	0	0	1	0
092.184632700	+24.379739800	572-024603	092.1846327	+24.3797398	91	15.086	0	0	0.7	-2.2	13.650	13.044	16.728	15.230	14.966		0	0	0	0	0	0	0	1	0
092.184675000	+24.290397800	572-024604	092.1846750	+24.2903978	85	14.366	0	0	-1.2	-6.2	13.476	13.186	15.028	14.467	14.363		0	0	0	0	1	0	0	1	0
092.184784200	+24.282916700	572-024605	092.1847842	+24.2829167	30	13.864	0	0	-2.4	-0.5	12.914	12.623					0	0	0	0	1	0	0	0	0
092.186019800	+24.317928900	572-024606	092.1860198	+24.3179289	52	12.175	0	0	1.3	-3.5	10.022	9.256	14.065	12.548	12.085	12.597	0	0	0	0	1	0	0	1	0
092.187033900	+24.381261200	572-024610	092.1870339	+24.3812612	133	15.137	0	0	3.9	-2.4	13.793	13.130		15.703	15.300		0	0	0	0	0	0	0	1	0
092.187313000	+24.290411700	572-024611	092.1873130	+24.2904117	361		5	0			14.642	14.219					0	0	0	0	0	0	0	0	0
092.187910900	+24.332265000	572-024614	092.1879109	+24.3322650	46	14.620	0	0	6.4	1.1	13.120	12.585	15.866	14.886	14.602	14.829	0	0	0	0	0	0	0	5	0
092.191058000	+24.306243400	572-024617	092.1910580	+24.3062434	109	15.433	0	0	0.0	-1.4	13.834	13.358	17.008	15.987	15.470		0	0	0	0	0	0	0	1	0
092.191997400	+24.382231200	572-024618	092.1919974	+24.3822312	42	14.396	0	0	-3.8	-4.3	13.420	13.159	14.962	14.549	14.419	14.344	0	0	0	0	1	0	0	1	0
092.193156800	+24.352279500	572-024620	092.1931568	+24.3522795	113	15.796	0	0	-18.8	-3.5	14.257	13.756	17.306	15.994			0	0	0	0	0	0	0	1	0
092.195207400	+24.396220000	572-024621	092.1952074	+24.3962200	30	11.736	0	0	-5.3	-6.9	10.805	10.549	12.391	11.841	11.720	12.140	0	1	0	1	1	0	0	1	0
092.198208900	+24.311428900	572-024627	092.1982089	+24.3114289	71	14.002	0	0	-1.9	-11.3	12.872	12.456					0	0	0	0	1	0	0	1	0
092.199445900	+24.295559500	572-024629	092.1994459	+24.2955595	37	10.737	0	0	-0.1	-4.4	10.318	10.308	10.883	10.699	10.720	11.329	3	1	0	1	1	0	0	1	0
092.199620600	+24.336357300	572-024630	092.1996206	+24.3363573	87	13.610	0	0	-3.7	-5.1	12.502	12.170	14.485	13.815	13.612	14.010	0	0	0	0	1	0	0	1	0
092.200073000	+24.352488400	572-024631	092.2000730	+24.3524884	30	11.635	0	0	1.1	-4.0	11.065	10.962	11.898	11.608	11.628	12.208	0	1	0	1	1	0	0	1	0
092.200394200	+24.316858400	572-024632	092.2003942	+24.3168584	105	14.868	5	0			13.241	12.448					0	0	0	0	0	0	0	0	0
092.200631800	+24.313791700	572-024635	092.2006318	+24.3137917	22	11.333	0	0	1.0	-2.1	10.711	10.600	11.590	11.301	11.317	11.877	3	1	0	0	1	0	0	1	0
092.201578600	+24.290636400	572-024636	092.2015786	+24.2906364	63	12.182	0	0	0.4	-3.1	11.418	11.243	12.790	12.512			0	1	0	1	7	0	0	7	0
092.202545600	+24.310777300	572-024638	092.2025456	+24.3107773	141	15.956	5	0			14.956	14.505					0	0	0	0	0	0	0	0	0
092.202726500	+24.308639800	572-024639	092.2027265	+24.3086398	307	15.792	0	0	72.0	31.0	14.902	14.489					0	0	0	0	0	0	0	1	0
092.203334800	+24.298100300	572-024641	092.2033348	+24.2981003	310	16.222	5	0			14.704	14.343					0	0	0	0	0	0	0	0	0
092.204303300	+24.357758100	572-024643	092.2043033	+24.3577581	244	16.313	0	0	5.6	10.3	15.041	14.443					0	0	0	0	0	0	0	1	0
092.206353900	+24.307512300	572-024646	092.2063539	+24.3075123	88	15.878	0	0	-23.1	-18.9							0	0	0	0	0	0	0	1	0
092.207095300	+24.354891700	572-024649	092.2070953	+24.3548917	121	15.606	5	0			14.210	13.791					0	0	0	0	0	0	0	0	0
092.207178300	+24.350335300	572-024650	092.2071783	+24.3503353	202	15.895	0	0	-5.2	-11.4	14.514	14.039					0	0	0	0	0	0	0	1	0
092.207230000	+24.370041700	572-024651	092.2072300	+24.3700417	91	14.654	0	34	-8.0	-2.0	13.009	12.616	15.804	14.814	14.583	15.023	0	0	0	0	2	0	0	2	0
092.208223900	+24.304300300	572-024654	092.2082239	+24.3043003	122	14.538	5	0			14.076	13.731	16.585	15.624	15.282		0	0	0	0	0	0	0	0	0
092.208815600	+24.308168700	572-024655	092.2088156	+24.3081687	33	12.371	0	0	-0.5	-4.1	10.251	9.536	14.070	12.741	12.283	12.219	0	0	0	0	1	0	0	1	0
092.209559500	+24.357767300	572-024656	092.2095595	+24.3577673	26	13.862	0	0	-2.1	-8.1	12.756	12.385	14.983	14.308	14.145	15.018	0	0	0	0	1	0	0	0	0
092.210137100	+24.375152000	572-024657	092.2101371	+24.3751520	22	13.796	0	0	-2.2	-0.2	12.556	12.189	14.703	13.984	13.766	14.138	0	0	0	0	1	0	0	1	0
092.210338900	+24.327307000	572-024658	092.2103389	+24.3273070	138	16.014	0	0	12.2	-3.3	14.049	13.355					0	0	0	0	0	0	0	1	0
092.214320900	+24.398758900	572-024664	092.2143209	+24.3987589	107	16.076	0	0	-8.7	-3.7	14.400	13.874					0	0	0	0	0	0	0	1	0
092.215222400	+24.357140000	572-024665	092.2152224	+24.3571400	48	10.938	0	0	1.5	-4.3	10.498	10.465	11.053	10.860	10.930	11.554	3	1	0	1	1	0	0	0	0
092.217625000	+24.391138700	572-024668	092.2176250	+24.3911387	48	14.829	0	0	-0.7	-2.5	13.508	13.031					0	0	0	0	0	0	0	1	0
092.220295900	+24.328984200	572-024673	092.2202959	+24.3289842	25	11.877	0	36	0.2	-3.8	11.242	11.141	12.087	11.753	11.735	12.287	0	8	0	8	8	0	0	8	0
092.222047400	+24.330161400	572-024676	092.2220474	+24.3301614	30	13.626	0	35	3.0	-14.7	12.677	12.435					0	0	0	0	0	0	0	4	0
092.222532700	+24.384583900	572-024677	092.2225327	+24.3845839	23	12.772	0	0	1.8	-2.1	11.851	11.577	13.475	12.913	12.780	13.186	0	1	0	0	1	0	0	1	0
092.222540000	+24.362890900	572-024678	092.2225400	+24.3628909	253	16.289	5	0			15.340	15.225					0	0	0	0	0	0	0	0	0
092.224390300	+24.381550600	572-024682	092.2243903	+24.3815506	79	14.638	5	0			13.156	12.801					0	0	0	0	0	0	0	0	0
092.225695000	+24.369280300	572-024685	092.2256950	+24.3692803	17	10.920	0	0	0.9	-3.9	10.493	10.461	11.047	10.848	10.902	11.533	0	1	0	1	1	0	0	0	0
092.225747400	+24.360426700	572-024686	092.2257474	+24.3604267	227	16.312	5	0			14.852	14.310					0	0	0	0	0	0	0	0	0
092.228050000	+24.350294200	572-024687	092.2280500	+24.3502942	217	16.120	5	0			14.412	13.810					0	0	0	0	0	0	0	0	0
092.228224500	+24.347591400	572-024688	092.2282245	+24.3475914	165	16.099	5	0			15.003	14.473					0	0	0	0	0	0	0	0	0
092.228382700	+24.380759200	572-024689	092.2283827	+24.3807592	103	15.353	5	0			13.941	13.313					0	0	0	0	0	0	0	0	0
092.229466500	+24.315264200	572-024693	092.2294665	+24.3152642	81	14.358	5	0			11.706	10.707		14.188	13.737	13.865	0	0	0	0	0	0	0	0	0
092.230665000	+24.349278900	572-024696	092.2306650	+24.3492789	100	15.567	5	0			14.098	13.572					0	0	0	0	0	0	0	0	0
092.231096500	+24.354721400	572-024699	092.2310965	+24.3547214	101	15.572	5	0			14.264	13.897					0	0	0	0	0	0	0	0	0
092.231164800	+24.313003400	572-024700	092.2311648	+24.3130034	40	14.465	0	0	2.0	-2.1	13.057	12.627	15.361	14.367			0	0	0	0	1	0	0	3	0
092.231830600	+24.365479800	572-024701	092.2318306	+24.3654798	280	16.429	5	0			15.450	15.046					0	0	0	0	0	0	0	0	0
092.233242700	+24.392942500	572-024703	092.2332427	+24.3929425	43	13.778	0	35	-15.4	-14.6	12.755	12.460					0	0	0	0	8	0	0	8	0
092.234031200	+24.393712800	572-024704	092.2340312	+24.3937128	123	15.050	5	25			13.621	13.275	14.125	13.526	13.425	13.843	0	0	0	0	0	0	0	0	0
092.235416800	+24.353026400	572-024710	092.2354168	+24.3530264	103	15.290	5	0			13.993	13.693					0	0	0	0	0	0	0	0	0
092.235587400	+24.359863700	572-024711	092.2355874	+24.3598637	8	8.785	3	0	1.0	-4.5	7.982	7.991	8.919	8.819	8.902	9.250	7	1	0	1	1	0	0	0	0
092.236218900	+24.397844500	572-024712	092.2362189	+24.3978445	194	15.850	5	0			14.924	14.417					0	0	0	0	0	0	0	0	0
092.237525900	+24.362485000	572-024714	092.2375259	+24.3624850	186	14.582	1	0	-51.5	-67.8	15.028	14.619					0	0	0	0	0	0	0	1	0
092.238455600	+24.343238900	572-024717	092.2384556	+24.3432389	367	15.970	5	0			14.652	13.930					0	0	0	0	0	0	0	0	0
092.240726200	+24.396005600	572-024723	092.2407262	+24.3960056	26	10.456	0	0	1.2	-3.8	9.955	9.872	10.664	10.428	10.463	11.054	3	1	0	1	1	0	0	1	0
092.240803600	+24.344232000	572-024724	092.2408036	+24.3442320	74	15.281	0	0	54.6	-27.3	14.134	13.756	16.044	15.311			0	0	0	0	0	0	0	7	0
092.242342400	+24.328742800	572-024726	092.2423424	+24.3287428	59	15.004	0	0	4.0	-0.4	13.911	13.585	15.885	15.288	15.187		0	0	0	0	0	0	0	7	0
092.243132100	+24.386597500	572-024727	092.2431321	+24.3865975	80	14.570	5	0			12.289	11.426					0	0	0	0	0	0	0	0	0
092.245348600	+24.337947300	572-024732	092.2453486	+24.3379473	42	14.564	0	0	-4.7	-3.8	13.274	12.808	15.715	14.740	14.524		0	0	0	0	0	0	0	1	0
092.246072700	+24.342268900	572-024735	092.2460727	+24.3422689	44	14.960	0	0	-10.2	-2.7	12.798	11.979					0	0	0	0	0	0	0	1	0
092.246210600	+24.349971400	572-024736	092.2462106	+24.3499714	80	14.822	5	0			13.389	12.959	15.370	14.641	14.537	14.368	0	0	0	0	0	0	0	0	0
092.246735300	+24.332915000	572-024739	092.2467353	+24.3329150	40	14.607	0	2	-1.3	-6.7	13.304	12.900	15.528	14.905	14.572		0	0	0	0	0	0	0	2	0
092.248368600	+24.366534500	572-024743	092.2483686	+24.3665345	19	10.688	0	0	0.9	-3.8	10.256	10.237	11.097	10.903			3	1	0	1	1	0	0	0	0
092.248428300	+24.335681200	572-024744	092.2484283	+24.3356812	181	16.078	0	0	15.9	7.9	15.195	14.880					0	0	0	0	0	0	0	1	0
092.248473300	+24.387765300	572-024745	092.2484733	+24.3877653	72	14.943	9	0	-91.2	21.8	14.296	14.057	15.734	15.269			0	0	0	0	0	0	0	7	0
092.250065600	+24.373866200	572-024747	092.2500656	+24.3738662	21	13.258	0	0	0.6	-7.5	11.212	10.400	15.158	13.728	13.191	13.493	0	0	0	0	1	0	0	0	0
092.251477400	+24.387476700	572-024749	092.2514774	+24.3874767	115	15.879	5	0			14.124	13.654					0	0	0	0	0	0	0	0	0
092.252782100	+24.327382000	572-024752	092.2527821	+24.3273820	82	15.242	0	0	-9.1	6.6	13.002	12.174	16.781	15.583	15.093		0	0	0	0	0	0	0	1	0
092.253525000	+24.364898700	572-024755	092.2535250	+24.3648987	63	10.092	0	0	-2.7	-3.2	9.709	9.710	10.267	10.069	10.125	10.488	3	0	0	1	1	0	0	0	0
092.255964500	+24.360510300	572-024760	092.2559645	+24.3605103	144	15.290	5	0									0	0	0	0	0	0	0	0	0
092.258222400	+24.359302000	572-024764	092.2582224	+24.3593020	143	15.949	5	0			14.615	14.191					0	0	0	0	0	0	0	0	0
092.259080300	+24.374297500	572-024767	092.2590803	+24.3742975	26	10.588	0	0	-1.0	-3.9	10.166	10.149	10.709	10.525	10.591	11.212	3	1	0	1	1	0	0	0	0
092.259356200	+24.342713900	572-024768	092.2593562	+24.3427139	82	14.563	5	0			13.006	12.334					0	0	0	0	0	0	0	0	0
092.260769500	+24.345755000	572-024772	092.2607695	+24.3457550	45	13.392	0	1	-0.6	-3.3	12.278	11.946	14.286	13.591	13.452	13.456	0	0	0	0	2	0	0	2	0
092.262151200	+24.364838900	572-024778	092.2621512	+24.3648389	44	11.715	0	0	-1.2	-6.2	11.122	11.040	11.979	11.688	11.707	12.285	0	1	0	1	1	0	0	1	0
092.263849200	+24.387570600	572-024783	092.2638492	+24.3875706	186	16.051	0	0	11.7	-3.3	14.674	13.855					0	0	0	0	0	0	0	1	0
092.264590900	+24.359738400	572-024784	092.2645909	+24.3597384	108	12.261	0	0	-2.5	-6.6	11.597	11.497	12.632	12.333	12.209		3	0	0	1	1	0	0	0	0
092.266832700	+24.396752500	572-024786	092.2668327	+24.3967525	22	13.119	0	0	-0.8	-0.8	12.001	11.635	13.955	13.275	13.093	13.428	0	0	0	0	1	0	0	1	0
092.268596500	+24.365186700	572-024791	092.2685965	+24.3651867	27	12.953	0	0	1.7	-11.3	11.748	11.311	14.144	13.164	12.866		0	0	0	0	1	0	0	0	0
092.272030000	+24.387617300	572-024796	092.2720300	+24.3876173	19	12.270	0	0	2.9	-3.8	11.497	11.379	12.645	12.247	12.228	12.801	0	1	0	1	1	0	0	1	0
092.273418600	+24.375590600	572-024801	092.2734186	+24.3755906	106	15.555	5	0			14.008	13.501	16.820	15.726			0	0	0	0	0	0	0	0	0
092.015638300	+24.417013400	573-024788	092.0156383	+24.4170134	81	13.939	0	0	-10.0	-2.3	11.991	11.263	15.572	14.348	13.895	13.975	0	0	0	0	1	0	0	1	0
092.016943600	+24.433123400	573-024790	092.0169436	+24.4331234	114	14.776	5	0			12.770	11.985					0	0	0	0	0	0	0	0	0
092.017225000	+24.425478400	573-024791	092.0172250	+24.4254784	26	13.318	0	0	-1.5	-5.0	12.401	12.122					0	0	0	0	1	0	0	1	0
092.019509800	+24.434868100	573-024795	092.0195098	+24.4348681	34	11.610	0	0	2.2	-10.3	8.701	7.575					0	0	0	0	1	0	0	1	0
092.020010300	+24.427447000	573-024796	092.0200103	+24.4274470	36	11.622	0	0	0.0	-5.4	11.185	11.145	11.724	11.540	11.604	12.230	3	7	0	7	1	0	0	1	0
092.023939800	+24.435377300	573-024801	092.0239398	+24.4353773	34	11.547	0	0	-1.9	-9.1	10.847	10.640	12.214	11.593			3	7	0	7	1	0	0	0	0
092.027506500	+24.418888700	573-024805	092.0275065	+24.4188887	145	15.920	0	0	1.3	-2.9	14.758	14.320	17.214	16.357			0	0	0	0	0	0	0	1	0
092.031879500	+24.453822000	573-024810	092.0318795	+24.4538220	198	15.928	0	0	24.2	14.9	14.423	13.803					0	0	0	0	0	0	0	1	0
092.035171800	+24.462197000	573-024813	092.0351718	+24.4621970	91	14.778	0	0	-1.3	-1.2	12.954	12.254	16.449	15.282	14.892	14.456	0	0	0	0	0	0	0	1	0
092.040226200	+24.434068400	573-024819	092.0402262	+24.4340684	48	13.187	0	0	-1.0	-5.1	12.267	12.053	13.864	13.327	13.196	13.634	0	1	0	0	1	0	0	1	0
092.041336200	+24.428085900	573-024821	092.0413362	+24.4280859	77	13.972	0	0	1.4	-6.5	12.839	12.370	14.845	14.139	13.930	14.292	0	0	0	0	1	0	0	1	0
092.041378000	+24.420210900	573-024822	092.0413780	+24.4202109	88	15.202	0	0	10.8	-6.3	13.886	13.425	16.483	15.661	15.327		0	0	0	0	0	0	0	1	0
092.041759800	+24.464252300	573-024824	092.0417598	+24.4642523	140	15.858	5	0			14.665	14.315	16.805	16.129	15.789		0	0	0	0	0	0	0	0	0
092.043510000	+24.406598900	573-024827	092.0435100	+24.4065989	65	15.034	0	0	-0.1	-1.0	13.782	13.254	16.212	15.372	15.010		0	0	0	0	0	0	0	1	0
092.045643900	+24.450733100	573-024831	092.0456439	+24.4507331	89	15.503	0	0	-7.0	-5.8	14.533	14.237					0	0	0	0	0	0	0	1	0
092.049241200	+24.451968100	573-024833	092.0492412	+24.4519681	80	14.842	0	0	11.7	3.7	13.639	13.211					0	0	0	0	0	0	0	1	0
092.049985300	+24.486238100	573-024835	092.0499853	+24.4862381	51	14.694	0	0	-0.4	-8.0	13.872	13.599	15.444	14.885			0	0	0	0	0	0	0	1	0
092.050203900	+24.465276200	573-024837	092.0502039	+24.4652762	204	16.252	0	0	-1.5	-6.8	14.470	13.718					0	0	0	0	0	0	0	1	0
092.054586200	+24.466867500	573-024841	092.0545862	+24.4668675	35	13.571	0	0	-0.5	-4.4	12.776	12.620	14.012	13.611	13.555	13.965	0	0	0	0	1	0	0	1	0
092.059424500	+24.487078400	573-024846	092.0594245	+24.4870784	76	15.234	0	0	-5.2	-5.0	13.377	12.602	17.075	15.269			0	0	0	0	0	0	0	1	0
092.059467400	+24.459937500	573-024847	092.0594674	+24.4599375	34	13.681	0	0	5.9	-1.0	12.667	12.371	14.574	13.923	13.761	13.959	0	0	0	0	1	0	0	1	0
092.060938900	+24.489328900	573-024850	092.0609389	+24.4893289	72	15.417	0	0	7.3	9.3	13.687	12.905	17.075	15.269			0	0	0	0	0	0	0	1	0
092.062819500	+24.482011400	573-024851	092.0628195	+24.4820114	196	15.984	5	0			14.344	14.075					0	0	0	0	0	0	0	0	0
092.063293300	+24.446739500	573-024852	092.0632933	+24.4467395	280	15.163	0	0	-3.3	-4.6	15.028	14.922	16.187	15.955	15.882		0	0	0	0	0	0	0	1	0
092.063427400	+24.467979200	573-024853	092.0634274	+24.4679792	395	16.519	0	0	6.4	3.7	14.775	13.980					0	0	0	0	0	0	0	1	0
092.064213000	+24.424142000	573-024854	092.0642130	+24.4241420	91	14.798	0	0	0.2	-2.6	13.478	12.979	15.962	15.140	14.883	14.568	0	0	0	0	0	0	0	1	0
092.065490900	+24.482270300	573-024855	092.0654909	+24.4822703	66	12.173	0	0	1.9	-6.1	9.756	8.759	14.229	12.644	12.057	11.826	0	0	0	0	1	0	0	1	0
092.071009800	+24.450545000	573-024861	092.0710098	+24.4505450	179	15.077	0	0	-2.6	2.4	14.032	13.517					0	0	0	0	0	0	0	1	0
092.071320000	+24.426535300	573-024862	092.0713200	+24.4265353	188	15.585	0	0	0.8	-1.0	14.213	13.770	16.625	15.906	15.666		0	0	0	0	0	0	0	1	0
092.073133000	+24.486361700	573-024864	092.0731330	+24.4863617	32	11.096	0	0	0.4	-2.1	10.634	10.601	11.230	11.038	11.092	11.523	3	1	0	5	7	0	0	7	0
092.075047400	+24.454520000	573-024865	092.0750474	+24.4545200	93	14.566	0	0	-9.6	2.9	14.797	14.481					0	0	0	0	0	0	0	1	0
092.076236200	+24.417453900	573-024866	092.0762362	+24.4174539	94	14.892	0	0	0.1	-1.7	14.364	14.125	15.577	15.214	15.176		0	0	0	0	0	0	0	1	0
092.076275600	+24.442214800	573-024867	092.0762756	+24.4422148	149	15.527	0	0	6.7	6.0	14.899	14.673	16.573	15.967	15.910		0	0	0	0	0	0	0	1	0
092.077377400	+24.503035300	573-024868	092.0773774	+24.5030353	97	15.122	0	0	-0.9	-2.5	13.891	13.434	16.750	15.887	15.417	15.049	0	0	0	0	0	0	0	1	0
092.078026800	+24.479810300	573-024869	092.0780268	+24.4798103	93	15.052	0	0	2.1	10.7	14.443	14.302					0	0	0	0	0	0	0	1	0
092.079259800	+24.476757500	573-024871	092.0792598	+24.4767575	63	14.321	0	0	2.5	-4.7	13.177	12.741					0	0	0	0	1	0	0	1	0
092.082724500	+24.418137000	573-024873	092.0827245	+24.4181370	80	15.070	0	0	0.6	-5.0	14.264	13.648					0	0	0	0	0	0	0	1	0
092.084811800	+24.465043700	573-024875	092.0848118	+24.4650437	31	12.382	0	0	-3.0	-3.8	11.499	11.222	13.324	12.534	12.318		0	1	0	1	1	0	0	0	0
092.086729200	+24.455105600	573-024878	092.0867292	+24.4551056	42	14.588	0	0	-4.8	-7.0	13.331	12.936	15.748	14.917	14.590	14.713	0	0	0	0	1	0	0	0	0
092.086899200	+24.471774200	573-024879	092.0868992	+24.4717742	177	16.062	5	0			14.643	14.120					0	0	0	0	0	0	0	0	0
092.087485600	+24.462743100	573-024880	092.0874856	+24.4627431	40	13.866	0	0	3.0	-4.4	12.813	12.400					0	0	0	0	1	0	0	0	0
092.087878300	+24.507368100	573-024881	092.0878783	+24.5073681	195	14.949	0	0	-4.3	-7.1	14.684	14.260					0	0	0	0	0	0	0	1	0
092.089432700	+24.476321700	573-024882	092.0894327	+24.4763217	182	15.561	5	0			13.913	13.429					0	0	0	0	0	0	0	0	0
092.090500000	+24.467250300	573-024884	092.0905000	+24.4672503	21	11.470	0	0	1.3	-3.5	11.000	10.926	11.678	11.433	11.490	11.914	3	3	0	5	1	0	0	0	0
092.092350600	+24.414235000	573-024885	092.0923506	+24.4142350	37	14.359	0	0	-3.5	-12.1	13.424	13.106	15.170	14.616	14.454	14.475	0	0	0	0	1	0	0	1	0
092.092722400	+24.453877500	573-024886	092.0927224	+24.4538775	19	11.213	0	0	2.0	-3.4	10.721	10.675	11.355	11.140	11.193	11.618	3	1	0	1	1	0	0	1	0
092.094294200	+24.492642500	573-024887	092.0942942	+24.4926425	89	15.369	0	0	-1.8	4.1	13.975	13.546					0	0	0	0	0	0	0	1	0
092.094415900	+24.442580900	573-024888	092.0944159	+24.4425809	108	15.109	5	0			13.010	12.115	17.656	16.007		14.829	0	0	0	0	0	0	0	0	0
092.098750300	+24.490821700	573-024891	092.0987503	+24.4908217	54	12.784	0	0	-1.5	-2.9	11.971	11.779	13.327	12.851	12.796	13.068	0	1	0	1	1	0	0	1	0
092.099114500	+24.404401400	573-024892	092.0991145	+24.4044014	30	14.001	0	0	2.2	-5.7	13.052	12.753	14.711	14.168	14.075		0	0	0	0	1	0	0	1	0
092.099247400	+24.400525900	573-024893	092.0992474	+24.4005259	322	16.513	5	0			15.599	14.930					0	0	0	0	0	0	0	0	0
092.101358000	+24.431220900	573-024894	092.1013580	+24.4312209	103	13.711	0	0	12.5	9.0	13.213	12.788	15.568	14.632	14.392	14.705	0	0	0	0	0	0	0	1	0
092.101484500	+24.460670000	573-024895	092.1014845	+24.4606700	42	13.760	0	0	3.6	-13.4	12.603	12.113	14.990	14.091	13.828	13.996	0	0	0	0	1	0	0	1	0
092.103131800	+24.486831700	573-024897	092.1031318	+24.4868317	116	15.761	0	0	6.5	-4.4	14.731	14.654					0	0	0	0	0	0	0	1	0
092.103308300	+24.468194500	573-024899	092.1033083	+24.4681945	32	13.061	0	0	-0.3	0.3	11.915	11.574	13.951	13.238	13.049	13.216	0	0	0	0	1	0	0	1	0
092.105274800	+24.408835600	573-024900	092.1052748	+24.4088356	31	13.669	0	0	-2.2	-3.2	12.610	12.253	14.479	13.805	13.648	13.907	0	0	0	0	1	0	0	0	0
092.106252400	+24.509217500	573-024902	092.1062524	+24.5092175	113	15.860	0	0	-5.4	0.1	13.913	13.326	17.188	16.126	15.689	15.228	0	0	0	0	0	0	0	1	0
092.107621200	+24.497297000	573-024903	092.1076212	+24.4972970	26	13.699	0	0	4.4	-2.1	12.528	12.204	14.666	13.908	13.710	13.838	0	0	0	0	1	0	0	1	0
092.108104800	+24.516817500	573-024904	092.1081048	+24.5168175	82	15.654	0	0	2.7	-0.4	13.921	13.370	16.866	15.969	15.558	15.057	0	0	0	0	0	0	0	1	0
092.108684800	+24.401151400	573-024905	092.1086848	+24.4011514	51	12.074	0	0	-1.0	-5.0	11.491	11.386	12.343	12.043	12.065	12.645	3	1	0	1	1	0	0	0	0
092.109712100	+24.459905600	573-024906	092.1097121	+24.4599056	135	14.191	0	0	2.1	-0.6	13.027	12.638	15.219	14.406	14.204	14.144	0	0	0	0	1	0	0	1	0
092.111560000	+24.490189200	573-024907	092.1115600	+24.4901892	126	16.215	0	0	0.6	-14.3	14.441	13.828					0	0	0	0	0	0	0	1	0
092.112427400	+24.432582800	573-024908	092.1124274	+24.4325828	27	13.307	0	0	2.8	-0.4	12.352	12.060	14.090	13.480	13.326	13.716	0	0	0	0	1	0	0	1	0
092.112832700	+24.444026400	573-024909	092.1128327	+24.4440264	163	15.689	9	0	20.4	-83.6	14.844	14.440					0	0	0	0	0	0	0	1	0
092.113758600	+24.491752800	573-024911	092.1137586	+24.4917528	48	14.880	0	0	0.5	14.9	13.493	13.059	16.081	15.033	14.696	14.398	0	0	0	0	0	0	0	1	0
092.116033300	+24.414211200	573-024913	092.1160333	+24.4142112	165	15.205	0	0	2.4	0.9	14.131	13.663	16.768	16.201	15.676		0	0	0	0	0	0	0	1	0
092.116443600	+24.484253100	573-024914	092.1164436	+24.4842531	173	15.407	0	0	2.6	-8.8	15.107	14.410					0	0	0	0	0	0	0	1	0
092.117286800	+24.457208100	573-024915	092.1172868	+24.4572081	179	15.706	5	0			14.548	13.979	17.464	16.511	16.185		0	0	0	0	0	0	0	0	0
092.118839800	+24.424556700	573-024916	092.1188398	+24.4245567	55	14.586	0	0	-3.8	-7.1	13.630	13.265	15.869	15.100	14.931		0	0	0	0	0	0	0	1	0
092.119033300	+24.400408700	573-024917	092.1190333	+24.4004087	271	16.330	0	0	-18.9	-15.4	14.343	13.567					0	0	0	0	0	0	0	1	0
092.121189200	+24.407053400	573-024918	092.1211892	+24.4070534	67	12.426	0	0	1.9	-4.1	11.622	11.451	12.867	12.452	12.408	12.929	3	1	0	1	1	0	0	1	0
092.122268300	+24.483385000	573-024919	092.1222683	+24.4833850	40	14.121	0	0	2.1	-5.5	12.894	12.474	15.227	14.403	14.169	14.162	0	0	0	0	1	0	0	1	0
092.124242100	+24.488267800	573-024921	092.1242421	+24.4882678	105	15.991	0	0	-0.7	4.8	14.235	13.639					0	0	0	0	0	0	0	1	0
092.126259800	+24.441232000	573-024922	092.1262598	+24.4412320	52	14.587	0	0	-1.0	-1.9	13.545	13.137	15.860	14.994	14.815	14.735	0	0	0	0	0	0	0	1	0
092.128555900	+24.495855600	573-024924	092.1285559	+24.4958556	68	15.387	0	0	-24.7	12.2	14.347	14.168					0	0	0	0	0	0	0	1	0
092.130616800	+24.491177300	573-024926	092.1306168	+24.4911773	26	13.038	0	0	0.7	-7.6	12.024	11.725					0	0	0	0	1	0	0	1	0
092.131643000	+24.433959200	573-024927	092.1316430	+24.4339592	48	14.408	0	0	-7.6	2.4	13.198	12.784	15.492	14.762	14.516	14.759	0	0	0	0	1	0	0	1	0
092.132543000	+24.497888900	573-024928	092.1325430	+24.4978889	50	14.889	0	0	2.3	6.5	13.198	12.708					0	0	0	0	0	0	0	1	0
092.132857400	+24.441209500	573-024929	092.1328574	+24.4412095	279	15.513	0	0	-30.1	-5.3	14.826	14.365					0	0	0	0	0	0	0	7	0
092.133150000	+24.486431200	573-024930	092.1331500	+24.4864312	39	11.728	0	1	1.4	-3.8	11.155	11.054	12.030	11.712	11.738	12.122	3	2	0	6	2	0	0	2	0
092.133573600	+24.440345000	573-024931	092.1335736	+24.4403450	367	15.816	5	0			14.812	14.075					0	0	0	0	0	0	0	0	0
092.136053000	+24.511440600	573-024932	092.1360530	+24.5114406	36	14.544	0	0	4.4	-2.3	13.019	12.459	15.780	14.852	14.525	14.716	0	0	0	0	0	0	0	1	0
092.136240600	+24.455163900	573-024933	092.1362406	+24.4551639	167	15.329	5	0			13.957	13.519					0	0	0	0	0	0	0	0	0
092.138251500	+24.416126400	573-024934	092.1382515	+24.4161264	40	14.169	0	0	0.1	-4.5	12.973	12.603	15.008	14.326	14.113	14.499	0	0	0	0	1	0	0	1	0
092.138703900	+24.475505300	573-024937	092.1387039	+24.4755053	71	13.794	0	0	-3.1	-3.0	12.371	11.926	14.894	14.071	13.787	13.847	0	0	0	0	1	0	0	1	0
092.139010900	+24.449810900	573-024938	092.1390109	+24.4498109	21	9.830	0	0	0.3	-3.2	9.417	9.393	9.934	9.755	9.853	10.076	3	1	0	5	1	0	0	1	0
092.140366200	+24.464428100	573-024940	092.1403662	+24.4644281	211	14.522	0	0	3.6	-17.2	13.794	13.585	14.987	14.661	14.611	14.599	0	0	0	0	1	0	0	1	0
092.140969500	+24.440250600	573-024941	092.1409695	+24.4402506	65	13.687	0	0	4.1	-3.7	12.762	12.399	14.737	14.064	13.874	14.280	0	0	0	0	1	0	0	0	0
092.145332400	+24.449724500	573-024943	092.1453324	+24.4497245	265	16.318	5	0			14.549	13.809					0	0	0	0	0	0	0	0	0
092.145673600	+24.433761400	573-024944	092.1456736	+24.4337614	210	15.899	9	0	95.9	28.1	14.517	14.143	16.698	15.768	15.547		0	0	0	0	0	0	0	1	0
092.145912400	+24.511885600	573-024945	092.1459124	+24.5118856	26	13.960	0	0	-1.8	-0.9	11.711	10.888	15.804	14.359	13.867	13.698	0	0	0	0	1	0	0	1	0
092.146270600	+24.454708100	573-024946	092.1462706	+24.4547081	117	15.065	0	0	-29.9	-0.3	13.718	13.094					0	0	0	0	0	0	0	1	0
092.147200600	+24.411821700	573-024947	092.1472006	+24.4118217	67	14.843	0	0	7.3	11.5	13.184	12.642	16.162	15.042	14.730	14.420	0	0	0	0	0	0	0	3	0
092.147323900	+24.449388100	573-024948	092.1473239	+24.4493881	319	16.465	0	0	-29.7	29.4	14.764	14.254					0	0	0	0	0	0	0	1	0
092.147583300	+24.476971400	573-024949	092.1475833	+24.4769714	26	13.618	0	0	2.8	-2.7	12.548	12.227	14.498	13.841	13.644	13.806	0	0	0	0	1	0	0	1	0
092.149299200	+24.463597000	573-024951	092.1492992	+24.4635970	150	13.713	0	0	-13.5	-2.3	12.280	11.651					0	0	0	0	1	0	0	1	0
092.149503600	+24.460271400	573-024952	092.1495036	+24.4602714	58	13.201	0	0	1.4	-5.8	12.279	12.031	13.895	13.297		12.943	0	0	0	0	1	0	0	1	0
092.151423900	+24.459149200	573-024954	092.1514239	+24.4591492	185	15.382	5	0			14.340	14.022					0	0	0	0	0	0	0	0	0
092.153123300	+24.429995600	573-024957	092.1531233	+24.4299956	28	13.890	0	0	2.0	-2.3	13.201	13.045	14.416	14.040	13.994	14.208	0	0	0	0	1	0	0	1	0
092.153838600	+24.471571700	573-024958	092.1538386	+24.4715717	29	13.655	0	0	-1.0	-7.0	12.821	12.401	15.033	14.293	14.076	14.026	0	0	0	0	1	0	0	1	0
092.155778000	+24.504783900	573-024959	092.1557780	+24.5047839	183	15.797	0	0	4.4	-7.2	14.262	13.712					0	0	0	0	0	0	0	1	0
092.158985000	+24.476298400	573-024965	092.1589850	+24.4762984	89	15.152	0	0	-3.5	1.2	14.079	13.582	16.662	15.867			0	0	0	0	0	0	0	1	0
092.162716200	+24.488517300	573-024967	092.1627162	+24.4885173	241	16.251	8	0	-100.9	8.5							0	0	0	0	0	0	0	1	0
092.163034200	+24.405363700	573-024968	092.1630342	+24.4053637	179	15.705	5	0			14.414	13.884					0	0	0	0	0	0	0	0	0
092.166127400	+24.453220600	573-024971	092.1661274	+24.4532206	65	13.097	0	0	-0.5	-0.9	12.242	11.957	13.799	13.251	13.145	13.384	0	0	0	1	1	0	0	1	0
092.166442100	+24.401359200	573-024972	092.1664421	+24.4013592	18	9.928	0	0	1.7	-3.6	9.402	9.319	10.134	9.890	9.926	10.273	3	1	0	1	1	0	0	0	0
092.166687100	+24.511897000	573-024973	092.1666871	+24.5118970	65	14.878	0	0	2.2	-4.9	14.053	13.533	16.593	15.898	15.523	15.300	0	0	0	0	0	0	0	1	0
092.167227400	+24.459539800	573-024974	092.1672274	+24.4595398	34	13.093	0	0	-1.1	3.1	10.556	9.554	15.321	13.631	13.011	12.726	0	0	0	0	1	0	0	1	0
092.169273600	+24.427790900	573-024975	092.1692736	+24.4277909	199	16.081	0	0	11.6	3.1	14.711	13.942					0	0	0	0	0	0	0	1	0
092.172094500	+24.444128400	573-024976	092.1720945	+24.4441284	174	15.947	5	0			13.879	13.261					0	0	0	0	0	0	0	0	0
092.172181500	+24.442719800	573-024977	092.1721815	+24.4427198	45	14.335	0	0	2.6	-12.2	13.451	13.217	14.803	14.223	14.089	14.251	0	0	0	0	7	0	0	7	0
092.176072700	+24.432203400	573-024979	092.1760727	+24.4322034	163	16.009	0	0	-4.6	-0.9	13.886	13.101					0	0	0	0	0	0	0	1	0
092.176244500	+24.483049800	573-024980	092.1762445	+24.4830498	42	14.355	0	0	-0.1	-4.7	12.306	11.510	16.331	14.868	14.381	14.513	0	0	0	0	1	0	0	1	0
092.176680000	+24.488810300	573-024981	092.1766800	+24.4888103	38	13.933	0	0	0.0	-0.9	12.781	12.447	14.823	14.142	13.933	14.113	0	0	0	0	1	0	0	1	0
092.178204500	+24.503078400	573-024982	092.1782045	+24.5030784	80	15.223	0	0	3.8	-7.3	13.628	13.083	16.500	15.383	15.038	14.761	0	0	0	0	0	0	0	1	0
092.178632700	+24.494157800	573-024983	092.1786327	+24.4941578	92	15.332	0	0	4.9	1.7	13.643	12.902					0	0	0	0	0	0	0	1	0
092.178884800	+24.405559500	573-024984	092.1788848	+24.4055595	36	12.929	0	0	1.3	-5.0	11.921	11.598	13.664	13.103	12.985	13.413	0	0	0	0	1	0	0	0	0
092.179053300	+24.442809800	573-024985	092.1790533	+24.4428098	70	15.263	0	0	-9.9	-0.7	13.839	13.192	16.684	15.516	15.300		0	0	0	0	0	0	0	1	0
092.179989800	+24.500214200	573-024986	092.1799898	+24.5002142	401	15.270	0	0	8.1	-8.3	14.934	14.483					0	0	0	0	0	0	0	1	0
092.181893600	+24.420552300	573-024987	092.1818936	+24.4205523	21	10.243	0	0	1.4	-3.9	9.845	9.809	10.389	10.181	10.241	10.643	3	1	0	1	1	0	0	1	0
092.182310900	+24.429942800	573-024988	092.1823109	+24.4299428	30	13.663	0	0	-4.2	-1.7	12.520	12.155	14.684	13.911	13.735	14.063	0	0	0	0	1	0	0	1	0
092.187868000	+24.463722300	573-024991	092.1878680	+24.4637223	155	14.885	0	0	3.0	-6.9	14.149	13.753	16.203	15.508			0	0	0	0	0	0	0	1	0
092.189258900	+24.445424500	573-024992	092.1892589	+24.4454245	103	15.868	0	0	11.7	-46.1	13.607	12.659					0	0	0	0	0	0	0	1	0
092.189981800	+24.484982300	573-024993	092.1899818	+24.4849823	52	13.364	0	0	-0.7	4.3	12.356	12.057	14.156	13.515	13.337	13.536	0	0	0	0	1	0	0	1	0
092.191896800	+24.507735000	573-024996	092.1918968	+24.5077350	183	16.214	0	0	4.9	5.2	15.337	14.976					0	0	0	0	0	0	0	1	0
092.192706200	+24.464214200	573-024997	092.1927062	+24.4642142	95	14.875	5	0			12.766	11.932					0	0	0	0	0	0	0	0	0
092.193922100	+24.472408400	573-024999	092.1939221	+24.4724084	59	11.552	0	0	1.3	-4.5	11.093	11.043	11.734	11.510	11.559	11.990	0	1	0	5	1	0	0	1	0
092.197241500	+24.415466400	573-025002	092.1972415	+24.4154664	78	14.777	0	0	11.8	-19.0	13.967	13.422					0	0	0	0	0	0	0	1	0
092.197429200	+24.506884500	573-025003	092.1974292	+24.5068845	127	14.793	0	0	-2.5	-5.6	14.434	13.622					0	0	0	0	0	0	0	1	0
092.200125300	+24.491778100	573-025004	092.2001253	+24.4917781	284	15.420	0	0	-16.5	8.7	13.526	12.606					0	0	0	0	0	0	0	1	0
092.200202400	+24.471231400	573-025005	092.2002024	+24.4712314	109	15.714	0	0	22.3	-2.9	14.447	13.969					0	0	0	0	0	0	0	1	0
092.202757700	+24.488353400	573-025006	092.2027577	+24.4883534	71	15.060	0	0	-2.7	1.9	14.269	13.851					0	0	0	0	0	0	0	1	0
092.204662100	+24.425799800	573-025007	092.2046621	+24.4257998	36	12.446	0	0	1.3	-1.8	11.751	11.595	12.900	12.485	12.453	12.967	0	1	0	1	1	0	0	1	0
092.204858000	+24.446325000	573-025008	092.2048580	+24.4463250	222	16.058	0	0	-9.7	11.9	14.954	14.293					0	0	0	0	0	0	0	1	0
092.205292100	+24.432360900	573-025010	092.2052921	+24.4323609	336	16.027	5	0			15.216	15.007					0	0	0	0	0	0	0	0	0
092.207025300	+24.406879200	573-025012	092.2070253	+24.4068792	30	14.040	0	0	0.0	-5.2	12.649	12.136	15.429	14.437	14.115	14.385	0	0	0	0	1	0	0	1	0
092.209605600	+24.434160600	573-025015	092.2096056	+24.4341606	21	9.421	0	0	1.1	-3.5	8.982	8.945	9.567	9.373	9.450	9.756	3	1	0	3	1	0	0	3	0
092.211598000	+24.500683900	573-025020	092.2115980	+24.5006839	28	8.755	0	6	2.1	-1.6	6.064	5.238	9.962	8.869	8.758	8.171	3	8	0	8	8	0	0	8	0
092.211923300	+24.485923400	573-025021	092.2119233	+24.4859234	138	15.124	5	0			14.849	14.131					0	0	0	0	0	0	0	0	0
092.213647400	+24.439569800	573-025023	092.2136474	+24.4395698	85	14.829	5	0			13.533	13.152	15.831	14.991			0	0	0	0	0	0	0	0	0
092.215670000	+24.491446700	573-025024	092.2156700	+24.4914467	74	15.514	0	0	18.3	-1.0	14.124	13.559					0	0	0	0	0	0	0	3	0
092.217702700	+24.477161700	573-025027	092.2177027	+24.4771617	75	15.276	0	0	-3.7	-2.9	13.972	13.653					0	0	0	0	0	0	0	1	0
092.219747400	+24.412350000	573-025030	092.2197474	+24.4123500	128	15.980	0	0	-59.5	17.0	13.962	13.394					0	0	0	0	0	0	0	8	0
092.220425300	+24.449387500	573-025031	092.2204253	+24.4493875	29	13.662	0	0	0.3	-3.5	12.785	12.496	14.458	13.900	13.799	14.021	0	0	0	0	1	0	0	1	0
092.220438000	+24.411179200	573-025032	092.2204380	+24.4111792	36	14.103	0	0	-21.0	-69.6	12.666	12.054	15.144	14.223	13.873	14.182	0	0	0	0	8	0	0	0	0
092.220925300	+24.466383900	573-025033	092.2209253	+24.4663839	135	15.847	5	0			14.659	14.326					0	0	0	0	0	0	0	0	0
092.222005000	+24.476991400	573-025034	092.2220050	+24.4769914	62	14.951	0	34	1.4	4.6	13.491	12.996					0	0	0	0	0	0	0	2	0
092.222778600	+24.431391700	573-025037	092.2227786	+24.4313917	61	15.524	0	0	3.4	-11.6	14.337	13.956	16.317	15.561	15.452		0	0	0	0	0	0	0	1	0
092.224120300	+24.409440000	573-025038	092.2241203	+24.4094400	94	15.192	0	0	3.7	-6.4	14.531	14.018					0	0	0	0	0	0	0	1	0
092.224455600	+24.455762500	573-025039	092.2244556	+24.4557625	34	14.002	0	0	7.7	-11.3	12.726	12.196	15.194	14.237	13.921	14.029	0	0	0	0	1	0	0	1	0
092.225432400	+24.472074500	573-025040	092.2254324	+24.4720745	121	15.952	0	0	-4.5	-7.1	14.580	13.903					0	0	0	0	0	0	0	1	0
092.225535300	+24.476971400	573-025041	092.2255353	+24.4769714	110	15.459	0	0	6.5	-2.4	14.236	13.688					0	0	0	0	0	0	0	1	0
092.225638900	+24.419050900	573-025042	092.2256389	+24.4190509	190	16.085	0	0	-8.6	-0.9	15.240	14.885					0	0	0	0	0	0	0	1	0
092.227508900	+24.472094200	573-025044	092.2275089	+24.4720942	236	16.165	0	0	-10.2	16.3	15.175	14.572					0	0	0	0	0	0	0	3	0
092.228084200	+24.412572000	573-025045	092.2280842	+24.4125720	74	15.624	0	0	9.8	1.4	14.332	13.988					0	0	0	0	0	0	0	1	0
092.228656500	+24.470446700	573-025046	092.2286565	+24.4704467	97	15.686	0	0	2.3	-13.9	14.282	13.774					0	0	0	0	0	0	0	3	0
092.228988900	+24.450874800	573-025047	092.2289889	+24.4508748	367	16.199	5	0			14.801	14.366					0	0	0	0	0	0	0	0	0
092.229504200	+24.441898900	573-025048	092.2295042	+24.4418989	82	15.569	0	0	0.1	-3.7	13.662	12.787					0	0	0	0	0	0	0	1	0
092.231076800	+24.450674800	573-025050	092.2310768	+24.4506748	37	14.186	0	0	7.7	-19.0	12.830	12.254					0	0	0	0	1	0	0	1	0
092.232761800	+24.403919500	573-025051	092.2327618	+24.4039195	143	12.852	5	0			14.890	14.451					0	0	0	0	0	0	0	0	0
092.232933900	+24.476653900	573-025052	092.2329339	+24.4766539	34	13.498	0	0	1.3	-4.6	12.473	12.168	14.793	14.130	13.780	15.102	0	0	0	0	1	0	0	0	0
092.232963900	+24.402531400	573-025053	092.2329639	+24.4025314	17	11.213	0	0	1.1	-4.6	10.696	10.607	11.419	11.169	11.206	11.799	3	7	0	7	7	0	0	0	0
092.233263900	+24.419692000	573-025054	092.2332639	+24.4196920	142	15.535	0	0	-5.9	44.2	14.548	13.799					0	0	0	0	0	0	0	1	0
092.234817400	+24.472298100	573-025057	092.2348174	+24.4722981	33	12.169	0	0	0.1	-4.4	11.578	11.456	12.494	12.166	12.177	12.567	3	1	0	1	1	0	0	1	0
092.235066500	+24.452915900	573-025058	092.2350665	+24.4529159	149	15.058	5	35			13.842	13.310					0	0	0	0	0	0	0	0	0
092.235438900	+24.454140000	573-025060	092.2354389	+24.4541400	124	14.686	0	35	-2.1	9.6	13.515	13.100					0	0	0	0	8	0	0	8	0
092.239593300	+24.432261200	573-025063	092.2395933	+24.4322612	80	15.246	0	0	13.5	-3.8	14.627	14.208	16.551	15.989	15.763		0	0	0	0	0	0	0	1	0
092.240069800	+24.427143100	573-025065	092.2400698	+24.4271431	152	15.462	0	0	4.3	-2.4	14.496	13.953					0	0	0	0	0	0	0	1	0
092.241270300	+24.416498700	573-025067	092.2412703	+24.4164987	108	15.641	0	0	2.9	11.7	14.743	14.302					0	0	0	0	0	0	0	1	0
092.242190300	+24.449915300	573-025069	092.2421903	+24.4499153	38	14.462	0	0	-2.5	-0.6	11.863	10.884					0	0	0	0	0	0	0	1	0
092.244527700	+24.461474200	573-025073	092.2445277	+24.4614742	33	13.727	0	0	-6.0	-2.9	12.722	12.430	14.593	13.933	13.816	14.037	0	0	0	0	1	0	0	1	0
092.245744500	+24.446005900	573-025075	092.2457445	+24.4460059	69	15.207	0	0	4.0	1.6	13.846	13.472					0	0	0	0	0	0	0	1	0
092.247938000	+24.436029200	573-025081	092.2479380	+24.4360292	50	14.793	0	0	-6.5	-11.8	13.824	13.592	15.242	14.747	14.625	14.545	0	0	0	0	0	0	0	1	0
092.251992400	+24.404100600	573-025086	092.2519924	+24.4041006	39	11.676	0	0	0.8	-4.7	11.161	11.098	11.863	11.613	11.658	12.269	3	7	0	7	7	0	0	7	0
092.253913300	+24.401766400	573-025089	092.2539133	+24.4017664	212	16.204	5	0									0	0	0	0	0	0	0	0	0
092.256873900	+24.450508100	573-025092	092.2568739	+24.4505081	273	16.136	0	0	2.1	-6.7	15.042	14.548					0	0	0	0	0	0	0	1	0
092.259851800	+24.441765600	573-025097	092.2598518	+24.4417656	135	15.740	0	0	0.6	-3.3	14.864	14.504	16.595	15.893	15.842		0	0	0	0	0	0	0	1	0
092.261656800	+24.436629500	573-025098	092.2616568	+24.4366295	110	15.417	0	0	5.3	-5.0	14.602	14.053					0	0	0	0	0	0	0	1	0
092.267786800	+24.448373400	573-025104	092.2677868	+24.4483734	29	13.358	0	0	-8.7	-7.9	12.381	12.066	14.167	13.543	13.395	13.673	0	0	0	0	1	0	0	1	0
092.269266800	+24.419992800	573-025105	092.2692668	+24.4199928	27	13.746	0	0	-5.7	-1.9	12.847	12.617	14.264	13.785	13.715	14.124	0	0	0	0	1	0	0	1	0
092.271505000	+24.424543100	573-025108	092.2715050	+24.4245431	120	15.299	5	0			13.236	12.370					0	0	0	0	0	0	0	0	0
092.272189200	+24.426476400	573-025110	092.2721892	+24.4264764	46	13.271	0	0	-1.6	-5.7	12.315	12.015	14.005	13.385	13.211	13.555	0	0	0	0	1	0	0	1	0
